,EMT_0000,EMT_0401,EMT_0402,EMT_0403,EMT_0404,EMT_0405,EMT_0406,EMT_0407,EMT_0408,EMT_0409,EMT_0410,EMT_0801,EMT_0802,EMT_0803,EMT_0804,EMT_0805,EMT_0806,EMT_0807,EMT_0808,EMT_0809,EMT_0810,EMT_1201,EMT_1202,EMT_1203,EMT_1204,EMT_1205,EMT_1206,EMT_1207,EMT_1208,EMT_1209,EMT_1210,EMT_1601,EMT_1602,EMT_1603,EMT_1604,EMT_1605,EMT_1606,EMT_1607,EMT_1608,EMT_1609,EMT_1610,EMT_2001,EMT_2002,EMT_2003,EMT_2004,EMT_2005,EMT_2006,EMT_2007,EMT_2008,EMT_2009,EMT_2010,EMT_2401,EMT_2402,EMT_2403,EMT_2404,EMT_2405,EMT_2406,EMT_2407,EMT_2408,EMT_2409,EMT_2410,EMT_2801,EMT_2802,EMT_2803,EMT_2804,EMT_2805,EMT_2806,EMT_2807,EMT_2808,EMT_2809,EMT_2810,EMT_3201,EMT_3202,EMT_3203,EMT_3204,EMT_3205,EMT_3206,EMT_3207,EMT_3208,EMT_3209,EMT_3210,EMT_3601,EMT_3602,EMT_3603,EMT_3604,EMT_3605,EMT_3606,EMT_3607,EMT_3608,EMT_3609,EMT_3610,EMT_4001,EMT_4002,EMT_4003,EMT_4004,EMT_4005,EMT_4006,EMT_4007,EMT_4008,EMT_4009,EMT_4010,EMT_4401,EMT_4402,EMT_4403,EMT_4404,EMT_4405,EMT_4406,EMT_4407,EMT_4408,EMT_4409,EMT_4410,EMT_4801,EMT_4802,EMT_4803,EMT_4804,EMT_4805,EMT_4806,EMT_4807,EMT_4808,EMT_4809,EMT_4810,EMT_5201,EMT_5202,EMT_5203,EMT_5204,EMT_5205,EMT_5206,EMT_5207,EMT_5208,EMT_5209,EMT_5210,EMT_5601,EMT_5602,EMT_5603,EMT_5604,EMT_5605,EMT_5606,EMT_5607,EMT_5608,EMT_5609,EMT_5610,EMT_6001,EMT_6002,EMT_6003,EMT_6004,EMT_6005,EMT_6006,EMT_6007,EMT_6008,EMT_6009,EMT_6010,EMT_6401,EMT_6402,EMT_6403,EMT_6404,EMT_6405,EMT_6406,EMT_6407,EMT_6408,EMT_6409,EMT_6410,EMT_6801,EMT_6802,EMT_6803,EMT_6804,EMT_6805,EMT_6806,EMT_6807,EMT_6808,EMT_6809,EMT_6810,EMT_7201,EMT_7202,EMT_7203,EMT_7204,EMT_7205,EMT_7206,EMT_7207,EMT_7208,EMT_7209,EMT_7210,EMT_7601,EMT_7602,EMT_7603,EMT_7604,EMT_7605,EMT_7606,EMT_7607,EMT_7608,EMT_7609,EMT_7610,EMT_8001,EMT_8002,EMT_8003,EMT_8004,EMT_8005,EMT_8006,EMT_8007,EMT_8008,EMT_8009,EMT_8010,Node
0,-6.6526794454614935,-6.525778593032784,-6.853990043135832,-6.272694848975706,-6.579658190539498,-6.5879668260080475,-3.0108132913564987,-5.750858684251441,-6.757356026032245,-6.396700867184646,-3.77135207481567,-6.12991547822298,-4.908827932319094,-3.5120842637848533,-3.2079681738990464,-6.548919792517666,-5.551101640500219,-9.035794987292862,-5.383373793447353,-6.398105523499057,-4.328365350850051,-5.793208632702546,-6.884985664937648,-3.8117351248991707,3.2456192246993982,4.895542406758652,-1.7522422279425207,-3.204488527046558,-4.225584850323667,-4.196720789861141,-3.302038022535823,-7.8370209971710985,-5.416015486458289,1.7555714477698128,-6.086397343752288,-4.0799920021135545,-4.053591196410807,-4.720114767130532,-6.149232691894799,0.18891948596012553,-4.73580096331973,-3.467433371136189,-1.4868294489482352,-5.256507190272914,-2.2365156004972753,-6.272579571715729,-3.3038596287094086,-2.92287090277926,-0.26793603983257785,-3.5683158318041412,-0.4091614199482272,-6.531673241124815,-7.874207375844665,1.4278569778466244,-2.614643248839313,-5.123486449207189,-2.092651864081528,-2.4677937215633343,-3.5691453314038215,-9.082750601249298,0.7636187270957464,-5.984295673280658,-2.92767145778501,-5.515353208184227,-1.7984255474816588,1.905659697326077,-10.192747612612392,-6.2456880604224025,-0.794974071385843,1.3340705770631698,-4.215949994113602,-6.29234045666966,-5.471455973585686,-6.646742203537169,-0.4888797502481342,-1.5586735377005465,-8.531469616339924,-2.630993852659885,-3.297361564953902,-1.915815888342024,-8.143887627000009,0.6527241085800909,-5.7754469414309195,-2.670632581854269,-2.124604076460183,-1.9160112292508633,-4.422775947120634,-4.6366442104844054,-5.196133598004803,-2.927875154490305,-1.5707206418924144,-2.955985650486181,2.9603772426415165,-8.539794120979783,-0.7920867758031902,-5.097881102783382,-0.7533957704784502,-4.620474804038652,-3.2748140590489765,-3.580010262196974,-2.612931374399423,-1.1622852535422874,-7.017562915978266,-5.5814700510948105,-2.4993462685919834,-3.4514692367720037,1.9634898092940274,-3.238626266377303,-0.9119639545795379,3.063611632492786,-0.4848257646304709,0.20109857635207784,-6.737540676043264,-3.366183434646814,-5.692694592836635,-0.054132943705433645,-5.077894369274377,4.018897086209608,-2.1490575508294745,-6.164470741173372,-5.751446228810227,-5.141030529193296,-0.2982047286559628,-4.17793864240468,-6.731258046501297,-0.6718632773265316,-3.099480189544461,-1.6870575476761087,0.8327790702517168,0.7248739515336542,0.8557217000789914,-3.188086419830763,-7.484904718171716,-4.311759591803939,-4.164878283770833,-2.290591179291538,0.31461666586208015,-6.59435240435945,-0.8343159333688632,-2.426415834125659,-4.7449892891388,-4.633939502405301,-2.5775293388244913,1.3423435093185434,-2.345946012620511,2.507152277570843,-0.10515100606615868,-7.65358930489116,-2.013562020962522,3.7209646157423006,-6.779260302145164,0.3700815985792367,0.3980070282828816,-4.746666584557639,-3.092193920531753,-6.193935920116128,-4.13162550024404,-2.5084843534245147,2.788031052063978,1.214697846375775,4.352507888644746,2.7046328895230802,-1.8362468317229275,-4.237686695872976,-3.667269771912319,-2.1751585619768323,-5.628824352631826,5.423863768486265,-5.111017453877581,-6.080013712217598,-0.40624696347183076,5.764386028680733,-3.579594850135081,-3.0518601008275916,-5.79208928854871,4.0629584563381,0.32882789092482234,-0.19302026322192917,0.5604686745507834,-4.016547833124423,-4.895218762513262,-5.506949210135436,0.5507693525407289,-0.8042836501202704,3.360271939913864,-1.6910426304951467,-4.906772557198311,3.7329924076257317,0.2942090278332997,-5.533439681964975,-6.026665577228366,-6.452145576226852,-5.906011225448818,-0.9165235527560309,-1.730591629913413,-1.526778169934131,-1.0770917125421637,-3.609814908603201,-0.5166292109283743,-7.106955910055902,-2.6600082151533577,FOXC2
14,-2.596470078247852,-2.4214250521436673,-1.6309904116139293,-2.1517573936215815,-2.584200797226262,-2.600998624713606,2.2029174082392182,-1.8890707093901906,-2.6132482721752246,-2.495994488223763,-1.9217497083370598,-2.431197692754079,-2.4881250408063424,-2.3923541275163425,-1.5852269693898278,-2.895055828285374,-2.4754153331871906,-2.7531616845915874,-2.2994922312547024,-2.4965579235405007,1.0375404844927607,-2.32156269704361,-5.341866087571066,-0.8092382009417343,-0.815899058366669,4.892819330111981,-2.1752232411639643,-2.207114127225304,-2.2186081810144076,-2.239133136041312,-1.4594114197262589,-1.8227728136152792,-1.8341586842649016,1.31402943516943,-1.7152842396473602,-0.2998353706481566,-3.1016432998524897,-3.0174914329290554,-1.5720012872959988,-3.0568353640928474,-0.8729750323991107,-2.484283194104645,3.034398200076229,-1.6371091813481344,-0.5721429353733982,-2.698880394592477,-2.6865619461965258,0.8300071937526905,2.196950976274987,-3.809711283892135,-0.13112771799948097,-1.3610466556261451,-2.0044945867887205,0.42587682074274325,-1.3314152834565876,-1.5957338246138595,-1.7587803652881562,-1.3514831893956574,1.6840182717154466,-2.5597865949259675,-1.8479126633513792,-1.7885188548800328,-0.007526619102540266,-0.04385047130770814,0.12912887873072143,-0.15231904964352083,-4.413804039327114,0.06226322180911026,-1.395850735969892,-3.3427135365256433,-1.7621084162025091,0.4863956679266406,-2.402199031539585,0.8011775281225368,-2.7254858438180536,-2.5475515292847333,3.823304231433906,-1.9394547389265688,-1.098595741201652,-2.698603642867965,-4.732104537820402,-2.4066922684593792,-1.0408083530566206,2.295207232659648,-3.4843650909064174,-2.560254060771485,-3.964501227383159,-1.5320964036030442,2.499212922283766,-3.3757445623981432,-2.4749482157600533,1.7072621054538342,-2.526834489389125,0.682935945811749,0.07322167493717469,-1.187488373676017,-2.76235740996563,1.0164675857207754,-0.5726965671457719,-1.6155053103040644,-2.0250128577314688,-1.8730855149757546,-1.0456781939570914,-2.3318264408187894,-2.923161746528129,0.5635821405722607,3.0678245672661193,-2.0720455060053387,2.150439198747545,-0.33813153521602696,0.4448923180665749,-1.6276175101360282,-3.17292686316248,-0.1677462154165159,-2.659646984436545,-0.2664470092353937,-4.138382884677912,-0.9368217658976461,-0.6185981136385221,2.165343326400662,1.3285335381880727,1.2605754576557877,1.237502245794284,-2.165788241391659,2.345768587920321,0.6514011833249052,2.9427623277814474,-2.014564747500253,-2.184173501080717,3.0137764633549997,0.8141198622065005,-0.4040507899118485,-0.6455923235633837,-1.5974863900558176,-2.363463389171579,-1.6470513480287905,-3.6176647140312825,1.1225909456955887,2.282378704250293,-1.1132935560734476,-3.0153479687248486,-1.1578283584420719,1.554063667694607,2.546730993170628,-3.1678863914402164,4.102124397073401,-3.5940704433453843,-0.6327640638065628,0.3400999467289095,-2.9848611653001136,-1.2264788668375792,-0.09569017737228158,-1.030395245065909,0.280221445061966,-0.5275032625440061,0.3066805800615295,-2.6531226184687133,-0.7950191474052165,0.9427283506713563,-1.0662577136419764,-1.2648982793727124,1.1122317726113637,0.31216724933379625,-0.48305364660976047,-1.3952749164713194,-5.696107904954296,0.12611950177040138,1.2003954315054859,-0.9694567888398966,0.6430822248603841,-0.9180453495285482,0.4175686837365029,-0.3061617724025517,2.166573557757312,-2.480332638147122,1.0451774051032574,1.1199087742727802,2.7388391985598255,-1.241434270074305,-0.6528671383456117,-2.394151535351194,4.613741491658472,1.2971912452283987,-3.113816314871584,-0.4823543796154417,2.9383607172407666,2.4413647349451923,1.6960287218549486,0.8787030627328194,-0.530420213807641,0.5307557366410767,2.143151671232006,-0.7301596005652246,-1.7861906644645253,0.253043760399179,-2.0956738522469394,-1.8126073247995258,0.8323247994515683,-2.6391687470555665,2.0099890810561085,-2.4232145795663533,GSC
4,-10.989106317520779,-10.714892250470259,-10.431209598743251,-10.345378121677589,-10.858747990076125,-10.81132945490899,-8.133084051610322,-7.516345152188847,-11.147825989350364,-7.151448937953832,-6.1341884972686,-9.262396006866245,-4.176715657286927,-4.34368956329131,-10.020235162649524,-9.733998116584424,-8.079043181440262,-7.886712291500803,-9.056576307800759,-7.921355213442578,-7.890778884147779,-6.823597420247758,1.1544140769194926,-9.509094952307485,-6.558911560584166,-1.7952073365955092,-5.164623832511438,-13.280806456952252,-6.471073689918008,-4.685706504444706,-2.937006103646262,-4.1976347894065675,-6.078377455794515,-6.7664786963508625,-1.8678651753268907,-3.8528136470225354,-7.587783121480159,2.460289887269848,-7.144372841334116,-6.687445555252902,-2.238508034030792,-4.83666933029652,3.432329823972024,-6.538338387220319,-0.6780423312510824,-3.1419615567464083,-4.213534610918244,-8.289435232989716,-14.601982026712912,-0.6739802440169178,-7.8811417274671784,-7.163385387420604,-6.301847630860994,17.73674748865572,-4.594029470856339,-1.6895283006148967,-5.094326574406685,-1.0577446163184843,-8.135815236097473,-6.523012831686402,1.0623751368906948,-1.3622393408893003,-4.411112712045867,-5.3913454974246555,-7.629345111281925,-4.498644832809245,-12.259214199794092,-15.793795624271727,-6.699166268892549,-1.7312809012353398,-3.7805577266557355,-10.194503642219718,-3.056844116399649,-5.052538575263522,-5.143756418897291,-6.385499560931326,-9.0619504606214,-8.548565356658722,1.3593195504043063,-2.286845322822146,-5.354554169970236,-7.411693820299323,-4.9267703025808425,-10.090831142041342,-6.3652180535336225,3.8212797987188374,5.759482718970172,-7.151988038154265,-8.724097385149864,-0.06926264085636807,2.074575835963168,-1.7045145253002305,-1.6033804012764936,-6.237139134881066,-0.5392015486953259,-6.4650372118970285,-7.501212804995353,-4.4923381041071355,-8.314101455292631,-7.89134134332456,-4.4368532760103125,-5.4262197097520115,-1.3445483534867386,-1.6575109643118104,-3.4353091876380373,1.0302518084355803,7.1360850804972085,-9.278602893539903,2.5021726196416614,-2.2912542240940734,-11.414019217672054,-7.119937803208791,1.7178192699469792,-2.080539415201862,-3.832020503115195,0.8452249022274269,0.06008866663660447,-11.866176768889977,-4.535496720298583,-7.319370254198861,-9.783491473221018,-3.3806386042635355,-3.7205151580079696,-5.5819480405776725,2.508708673576392,-2.935642775655674,6.618239245929853,-3.0508583742553403,-0.8778723169596356,-2.911215919241587,-4.33162424208041,-3.8047148937092174,3.7400431582367295,-5.512573164338443,-1.6030292880294934,0.725194057360236,-8.046067794400928,-5.471156907491832,-10.224028394695125,1.8496639146603178,2.495281240948752,-8.439904131768598,4.066702769569367,0.09968788650353089,-6.6088917393641005,-0.41746960546480133,1.5200650135899103,-14.990495060640768,-9.52320502814339,-7.620166340246405,5.749249368931606,-5.15858220676742,-4.195610871947379,-1.1748851871757506,-0.49224709955748125,-7.2121477220892025,-3.6079542150215915,-8.858083107578942,-13.621384371668736,-4.147492473155098,-4.8604182850842115,4.492165763002915,-0.5444652131326349,0.6042173267575167,3.1730094063098324,-5.072059086943429,-12.72532472125887,-1.8704235726954859,-1.459087911188272,2.0286960920809065,-8.945962284348507,-6.332177400508099,-0.6351020189585577,-3.9198934480314866,-3.613690925946197,-0.9421972879240974,-9.54951639093533,-5.248931599689625,-2.1392184814074824,-2.7119301558202347,-2.7846872390959025,-5.829799780549036,1.5639441912395056,-1.1919106255691203,-1.2941620474214246,-2.5085654626543032,-1.599973451964295,12.758299875157201,-0.11540166001557073,-5.2916749618219345,3.357069930289933,-7.308154814290154,-5.026537549665818,-2.3984757075995184,3.356530600522507,-3.2052453024920693,-3.269061893720605,-2.0280008044055764,-1.5025650615270338,-7.861824854409702,-6.803638662848066,SNAI1
10,-14.05135605602535,-13.902851913512107,-17.62206885849845,-13.516648331178407,-13.777803698813901,-13.706124114232265,-14.583371227195354,-10.84048021927084,-14.303066487226744,-13.656246011684646,-10.202045534288192,-11.183004824461719,-9.751715671768784,-12.354109822856984,-11.659349073625554,-11.166637013067046,-5.116013713282106,-4.361991232263124,-10.791651035048247,-13.897879341367894,-9.75936276118772,-10.376348594356443,-8.438464860620412,-8.256231246731138,-18.592499345514927,-10.517012797305414,-2.6971867742618616,-12.811606774656436,-6.943572768886146,-5.717863891486807,-7.56091672299305,-8.492937280445595,0.5161427671267995,-7.821699506967516,-0.6671221105200633,-12.113976613388042,-12.150040403123112,-3.7218420391528304,-6.025743293372428,-7.231976581530827,-2.1197000863896944,-5.115550773079768,13.45303900601268,-8.975625975263593,-9.025991933318222,0.9719475569824367,-10.001507411608712,-15.143491061896352,-2.4276127362189537,0.4203548240113155,-8.619914580556065,-0.14655877926806626,-6.11127570270705,4.683854583657362,-5.002718830224207,-0.31697732656788113,-10.38741366729728,-10.620530746928848,-13.170310573367011,-6.601290028356952,3.0336739359731775,-2.299123555293804,-5.585674446663529,-6.625707345967817,-10.156429887832205,-0.13133440239334107,-3.3187984175413767,-3.1173867468794727,0.0442158879958261,-6.064579210132415,-1.1675735261226308,9.537713714248946,-8.155279389688516,-5.554453059936038,-0.18017630941048446,-1.6012475629964908,-2.0365496629123996,-5.718505560119092,-3.0624441024835183,-1.741773072954332,1.62313692025799,0.3032518906795132,0.32832124959357656,1.996961761728846,-11.583124517611287,-7.351525917975934,2.9917621686687763,-6.157449725377575,-7.43203055831941,-7.994616374472486,-6.021372390563609,-3.268424446787521,2.2682700844566464,-14.176622895192851,-4.437683877045835,-8.64769664069107,-1.43901979059553,1.6011379173024498,-4.9112448140825276,-10.44774994430911,0.30224256686058126,1.278513285367033,-8.060398983469055,-10.96498420240202,-10.18647421610202,0.5896779056608608,2.2408549890558755,-5.392173517448752,-10.738098545584503,-8.028529135755033,-2.9077950264387686,-8.524177094167799,-0.28090081942284184,-0.031705464163616304,-4.596432647588138,-5.019710541735717,-5.700781050099026,2.5564083163981723,-2.256240422505439,-1.9034100420324656,-3.7004427675145255,-5.33004796789179,-3.7239155545760707,-2.0711758959234317,4.723947275336325,-6.562105749184304,-10.06540065405958,-1.0455267431788828,-9.201541105507346,14.514493710532149,-14.81928422600229,-5.101575082025988,7.195185228167558,-6.2785711735541545,-5.02499208028635,-10.529795357163886,-7.277692448615431,-7.009035357973353,-4.440541705533011,-9.737337219731273,2.294730193729874,-3.885418553626205,-4.876727979416001,-4.783124360556503,-1.1059061770155925,-0.28760068506003855,-1.3226924093544739,-1.8632017108939738,-5.682755115745948,-2.967554109593534,-7.249695342267935,1.3721788878653207,-14.581107667656381,-0.4240110553021098,-6.189852910381623,-4.363566787033294,-5.844989884501313,-3.0179781834397215,2.993362655823887,-1.5223425821172594,-7.045164236652925,-8.764843531424248,-5.380426149953691,-1.0336567134785162,-8.806452778986799,4.4143448000257886,7.191866290902424,-2.3977690035592705,-3.3899417103871547,5.128238946034097,-2.861842271121029,-3.639389934597036,-4.724564095818506,-6.682811870344101,-6.533492481972958,-4.146020412554371,-2.8301844896008417,1.7141010117084055,0.07159215971173816,-3.3749723874025017,-0.2707433605787225,-5.718192623701874,-2.080633876677152,-4.441596612693477,-0.5387699194717311,-7.731599517855512,-9.516388744035627,-0.3644515698550489,-10.238979165595618,5.422555437743574,0.872674247161473,-0.9726063838074248,-5.665876457202751,-6.239756454927326,-4.886481992816029,7.131789119351767,-4.520162588021752,-4.174348291019131,-0.5992513965310848,-5.290416395357953,-3.6881229073255146,SNAI2
6,-8.335487757532778,-6.779806701020626,-5.915562829492449,-4.009572849610629,-8.258326664356241,-8.278115630087907,-6.90521140803993,-7.92844870581944,-8.325772216842877,-6.844421466147753,-7.311133377767133,-7.076404584043514,-5.382377117845359,-8.479219054467919,-2.7375665808892053,-8.376284689949735,-4.978845352522499,-4.358230847825397,-4.162359117088386,-8.122071370448534,-4.663502423203655,-5.090067359900264,-8.803194278790066,-0.33363288925419576,-2.5789858139669137,-10.536973279861439,-5.0827924131916,-5.956372805534435,-3.858097195097625,-5.794728964982491,-2.8285703352277176,-0.9924493017343163,-5.0537245717300525,-1.4253100906408744,-1.4960986562773235,-1.1522786583833073,-7.806419582931063,-4.840588254525605,-1.6432333161364512,-9.760701791569865,-3.4724103975815392,3.0677503536180795,6.432218952791381,-3.8687245505506653,-2.175074658073229,-4.579694551402862,-2.9371135539388917,-4.219690159882289,-5.617417614465421,6.570713912683979,0.5481113731719609,-1.5691795941954394,0.1659407458291049,-0.8290167853858386,-4.059138120489891,-4.243662710855887,-3.087935194098071,0.15131806129955083,3.6958525542943113,0.6761649550969153,-7.08690151469553,-5.221824416371554,-3.1479059970676864,-1.7383119626062244,-0.9895758154961172,-4.023391083694508,-6.924396313781299,-0.5104972676441927,0.8377754398265442,-2.374585061489825,-0.6384964374790194,-2.445879568943216,-4.2002854650062815,0.6479107620479809,-7.706183387692194,-5.254674701812437,-5.319106228854934,-1.0413903332336845,-0.5816783395647169,-3.41317034006401,-7.165510178402044,-3.243469279313865,-4.603194746264494,-5.383993957889299,-6.8721141087555075,3.912381332878811,-6.140585602067104,0.2610938454926301,-4.437052865428436,-4.5349024365714605,-7.19896558787109,-3.1053845238676603,-3.2946239074254358,-0.6764487660133995,-1.4676164210786737,-0.43107505068662366,-4.140519359611773,-5.750780250602931,-1.7745218652422448,-1.8106891474442501,-1.9659246749370807,2.138298881200077,-0.15116417121323494,-2.7287970023549923,-4.957533692328578,-4.423460151472418,11.747756005403868,3.3427408560270897,-3.378744123913419,-2.2606912444766225,-2.4016148019525216,-2.680366389160987,-4.814396348871945,-2.6773073021090923,0.6625240380949595,-0.42384760472947214,-5.765259837572126,-1.908444935251548,-4.980788565022154,0.10623065754688682,1.0000536426237379,-4.393726350478957,-1.5347510634411416,1.1038259280559803,-7.3979653949656345,-0.8892478201325656,-7.924751061882392,-1.4810787243301016,4.561041922591128,5.875871538939762,0.3488884000650708,-0.9650813197210744,-4.659569096303709,-1.561829270755247,1.9922595122484803,4.002515978550413,-7.490240530844031,-3.043478616050071,-5.42041138089194,-0.5421219362931899,-6.091873180947204,0.12094324020650576,-1.4802533238376165,-8.438341011114469,-6.895627012705757,-9.363800685742598,-5.658041044945103,-2.587907782578367,-3.8044909655542885,-5.3884885801105415,-2.3758808016827966,-2.08660236962767,0.45627563519530323,-2.2137380502075006,1.6145307261564144,-4.5134096383266336,-6.053263636289733,0.49510099797700474,3.337189253870479,-0.2019724582912864,-3.9359368946673263,-0.8831517130617703,-2.6402862665025406,-2.298625759428838,-5.829191640732149,-8.342076854081512,-3.6552402836565925,-0.5449765831857663,0.049482932272622376,-1.1672663469998166,-1.8528365551183217,-2.0565336088534165,0.74898226475815,3.1096979490779177,1.5008254063296218,-1.0739257283127701,-1.3260834704960534,-6.758665510120682,-1.1269508794338963,-2.16293489146813,3.185261719105224,-8.91301396725175,-6.806943623206695,-4.479525402123378,-2.945563715083863,-4.706309561156271,-3.694138662584552,-4.557207620106269,1.5407006902067004,-1.7070013905905046,0.9151057632215076,-2.0392885898580593,2.493347422367431,-2.1242234568573397,-1.6730921528235043,-5.226386993064346,-4.49492627213345,-0.8149758802843742,-9.029796318077592,-0.6407332950619515,-2.3582550513918275,TGFbeta
13,-6.600751936433491,-6.507069311551458,-7.495971443251353,-6.260324528527007,-6.459849400967207,-6.466012000202163,-6.513400866869162,-5.297081122133278,-6.657902564139579,-6.384251893042944,-5.8080810773191445,-4.7732636057544084,-4.891545893948843,-1.7378432241768187,-4.976085426450878,-3.462505290762632,-4.915327685472782,-6.109440972531169,-5.000109859314631,-6.383360853990406,-2.819899829877123,-4.2770171384526785,-3.584269337957563,-1.8988637145474772,-5.522266205207813,1.9521286327354441,-2.107078220608517,-3.0677062686588537,-1.695805516493874,-1.4206497609442303,-0.1111385549191726,-7.116320790280235,-4.651742042651871,-7.900873004047859,-5.2778718714713655,-5.073543697842877,0.10899201035108042,1.5859091323544159,-4.281324904915018,-4.412728589299641,-1.6048257259874004,-6.112147585357573,3.57893707385783,-6.125585740447753,-2.7462984548841876,-4.405844597943026,-2.4154386124248504,-0.4730773840043191,-5.8204527197576255,-2.252822083307112,-5.78213807713767,-7.684770620389152,-3.569110616683319,8.316191898463298,-0.17079628451665796,-3.660694471286268,-2.666733431278422,-6.170621856459768,-5.237813431714081,-4.094903591830245,-0.33616550464499784,-5.054473174847367,-2.1779100435518086,-2.787541562927004,-2.4445233001901197,0.9731553508823368,-7.643118342638843,-4.9534783774158795,5.505426006377413,-4.905388870896843,-3.1037021666219267,-2.8149679609543354,-1.2218954366900578,-5.5711258012118465,-4.030855408726758,-0.742040477198429,-7.11586894390483,0.9735254752002334,-0.24403730566434845,1.3483641496387313,-2.8641807175867076,-2.1091289164568954,-0.5340324422804699,-1.0008068147154259,-4.478700092192232,0.6011067185572905,-4.049878125814294,0.9182989743169043,-1.9657445553670567,5.306388974289693,-2.3762115751004047,-5.0305755586862935,-3.8541728740498797,-8.306766306969877,-3.1184079809458316,2.1303543799683107,-2.9840360982877274,-3.850249144517589,-9.163036174434492,-0.8384583916201853,1.627187749700754,-3.792206275329218,-2.682433086252012,2.503054167666384,0.1596784098802804,-1.433350358363984,1.605038646920511,-3.897865169552705,-3.0319513736769608,-5.3134769470219485,-7.951889914787792,-2.613788859246988,0.6678853374483158,-1.5599257958797272,0.9331198996032894,0.1682958473458276,-2.334298091658299,-1.1669533073261342,-2.6527468669807988,-2.060028300095433,-2.4987625219547085,-4.266902102180551,-6.295276021629002,-1.613104471648657,-6.694125321686628,0.2347647715333242,-6.038849197048537,-1.9811934413060603,-4.859992428756364,4.790090778340338,-4.997009008472157,-0.17880561053566535,6.483046832603952,-3.253800862821069,-1.2067490459584156,-1.689386522291477,-1.659100296471872,-4.201580823042599,-6.655958909110608,-0.0948136699919111,3.4197027319764253,0.5437570277403403,-0.7413016491271419,-1.6548509599296157,-4.120706890275288,2.078963951094381,-2.9875851806471942,-6.277082722177585,-3.8180097340540167,1.6877773289675422,-4.72010535521565,-0.4391420641969407,2.662913173723646,-1.867897750907022,-6.062566725720432,0.15173316472219806,6.795668544912649,1.5279272916867872,-2.7768364559699337,-1.5920968309560228,-4.72128368663579,-6.744996473279894,0.6162214822284771,-2.79030637758028,-1.8581765257232372,-3.579501282972222,1.3729456010115346,3.387586832216069,1.1204063057083382,-7.991902510728838,-0.72939940130608,2.536432370618017,3.760496117585732,3.6501654979162046,-5.760628671142076,-3.2820833548899104,-2.764027096558939,3.348882222519901,-2.1342947123026335,0.7340279002185708,-0.6382485208353459,1.9041356390099065,-0.5702549713781884,-3.0326026160694086,-4.950484340708944,-6.1720539373489505,-2.4979327849627406,2.7815346572013784,0.04815497851401984,1.4198500793964084,4.526049829949453,1.8703600988384088,3.5550058705374203,-3.011314507298387,1.617394641332801,-0.9915603282497982,-1.8167005325866838,0.6133624508682878,-2.9757342801254136,-1.6409319910557914,-0.4770964154182097,TWIST1
12,-4.605922277732291,-4.6482819747021145,-6.127629926773491,-4.623531357196368,-4.503856612473979,-4.475546686333141,-4.683473727973879,-2.945391995338745,-4.690847550044913,-4.628687010523645,-4.215957950191081,-0.23057260052906148,-3.2398002244657715,0.2728179466290967,-0.10064268993236747,-3.7985383497512553,-3.0132884728292444,-0.5524871763105309,-3.5541507945867012,-4.598334219252476,0.7914000095502736,0.7474953645493987,1.6371864385199184,-5.309834354332449,-3.1432908918323217,-4.568745427457741,-1.3183018095321786,-6.017593128632763,-2.6813823744056133,-3.6378570164105293,-5.141654028498329,-5.223644012883014,-1.8054756667071399,-4.636392844546713,-1.3123114538725225,-5.024558034102399,-3.79008820699306,0.5768112722951343,0.017820049840636454,-1.6390104342718241,-0.5863702812762572,-2.6943045443176983,3.6366109330957417,-5.193447657336822,-2.749463687828508,0.07375006201833889,-2.020933565278913,-6.22714966902372,0.06446567864161634,0.830948605079106,-4.017889749865356,-2.5373028956175236,-3.8271571870089933,4.98599576593321,-2.906094081849653,2.638427068153651,-1.1621594243889803,-4.517626642076401,-5.228138423890351,-3.6367819564333455,1.1140789539711462,-2.8145969286117776,-1.6573569282816996,-1.0759969510870824,-3.291499478698352,-4.520109668593193,-1.0157140462072252,-2.4019298184928957,-2.51718693310338,-1.1292341714267489,0.15543300604077936,-1.5844892534990638,1.5443988289847073,-5.057353841398679,-0.5943110042379447,0.14356620046001212,-3.216564253822384,-0.8307615308838365,-0.4695181223872737,-0.1409520611762738,1.7518350335887531,-3.184723799815304,1.068514244010842,-1.2614386169886493,-4.227884721705872,-2.696101684991455,5.666156401829339,-1.6179300450159708,-3.7771855900448785,-5.395336139456143,-3.219651301622477,0.23553159635492585,-1.4668472229273668,-3.7144387272956463,-1.3363739366720375,-2.382845595428776,-1.5219722768815407,0.03343302713656038,4.169530059729136,-0.12325657244648214,-0.556133228035329,-1.784653284699656,-2.2868420087262145,2.4821942322704365,2.100084235737995,-0.12650462092539883,-3.603442464287176,-1.7724951080144262,2.179940607076841,-2.0592767264656913,4.072599896178228,0.8580731340813238,2.757683660901162,-2.0867062702451165,-1.9838344432963222,1.6548908298553788,-1.4307789033256064,-4.847356773380723,-2.3441854793820447,-0.3259901297267812,-1.9233525285561486,-0.38734429004645643,-2.9440872467464083,0.2729733587504537,5.561184851044534,-4.306711600877264,1.2366677287017607,-2.8276705960657385,0.7689926714269788,-6.126155194783674,-6.734103905887123,-3.1203143974100076,3.7835430491669277,0.9153903564626635,-2.1071210372569755,5.337932707092247,5.152168298235303,1.8021852415948878,-0.9353216445343082,-3.9640965768460865,2.7033386471397414,4.438356079018158,-0.4562582450578303,2.309949571391789,-0.8745851083662979,-0.06186676009960079,-2.2087349947523123,-2.8057622109573055,-0.8872354100558941,-2.393951683434038,1.4069517962075513,-1.1971103886335932,-4.492452551760819,1.0320717284625442,-7.2041018975183775,-4.996530154483203,-2.1740964143976482,-1.269046746379757,-1.49062150616474,0.4694151050608012,-4.472048874814015,-7.064037863135023,-3.296621296952303,-0.16566578713742863,-2.501265230107453,0.30864117000639596,-4.8173772682995555,-1.288250581192727,-2.2065726978861115,4.289327604053667,1.6221872236410873,-5.40035722909849,-1.043709455102358,-4.307493257965908,-2.3080480904376737,-4.569086229449791,-3.8532055311291122,0.7022405861373701,-0.9866535070498466,0.37507199428530985,-4.059496562651135,2.451698706332249,-2.4622336756699523,1.3025397783052997,1.5924383320637474,-1.6665522448002834,0.874315208074625,0.7164450299209163,-5.290899136359301,-3.5657283173039658,-1.6925968214186855,-4.31701182404692,-4.501795823785933,-1.261534726568577,-0.33174017177964826,-1.9935999543174896,0.16307038752358038,2.1477639481199318,-0.14382431813138719,-4.93859471231778,0.8454075567086038,TWIST2
1,-26.382805369620595,-24.66306711879303,-13.736819027420719,-25.68511143322626,-21.99017041166432,-21.981613617659686,-11.879077072909801,-23.96504125635042,-22.052924630696566,-19.590172404390096,-22.790013439935176,-14.227547108504009,-12.930897293126634,-18.52552580203916,-10.596428011154414,-21.045680611209733,-24.256490843647125,-6.952606726175403,-16.295828211492125,-25.66187700864149,-21.48116630920929,-13.231515452840483,3.460288347296854,-17.10384323740751,-9.098620701077927,-11.049178114354419,-11.314686783424788,-12.894020997357257,-22.407733415575887,-18.189048258580986,-9.817387518253437,-19.10811224683576,-19.36044798395009,-12.441656206237054,-11.720725363010954,-16.530240804189486,-15.607456040621612,-15.59264291479172,-16.260677677520643,-7.037565502109672,-12.207357333865689,-5.368021008541223,-1.34249017573117,-13.598881173982226,-15.717268467912135,-10.501612391763075,-12.439443874538835,-9.295720031975387,-9.633003805293658,-1.1844846545250642,-11.870284519050301,-10.975916275925915,-10.032774755386454,2.898043466427205,-8.786784951644767,-7.324922919510147,-14.821694086636128,-4.137637745328577,-10.173044002793246,-12.26702370871388,-9.71437510661335,-4.8860943200829725,-8.985214551656941,-11.899271627122776,-9.505140213876274,4.5381936374515615,-8.45028594474026,0.8929302701815791,-13.995676901022815,-8.584818127681789,-11.41536049098793,-3.299261773951639,-16.221145964024878,-16.77403991937738,-12.693659461951615,-10.47270648961432,-15.046167398861897,-10.724432407642087,-15.891840370877544,-12.057348269315861,-5.026665726004763,-15.23699397652081,-1.7178568628539694,-9.71708281123313,-13.857798978116211,13.8736770313128,7.088471853780346,-8.670165510641713,9.569824777278372,-5.814771761277493,-9.665765494827687,-2.106233621103474,-2.1677703784862756,-9.558289183528126,-11.993997065671309,-2.194286377014341,-1.3181884682001508,-6.43347986759405,2.9959116923922577,4.428248628946777,-8.787169876956796,0.3275184218160989,-9.264953123655465,-3.8392943128411705,-11.629725252068031,-12.267584120044294,4.186880705227046,-0.78040229000925,-2.980576003786422,-3.33319069311893,2.69097666191059,-7.416928850691649,-11.389725429494245,-9.330188993936124,-1.5738940075126973,-4.8622613580305885,-9.226638833484722,-6.6610092080016265,-9.18377347275366,-5.889291547151281,-7.808564168921632,-4.812154271529452,-5.041466777638977,-5.364985519179893,11.60966868204748,-12.262186321138774,-1.2954787106055865,-11.193480482790216,-9.434053251195547,-2.181034041057039,-6.4996296917956435,-14.533569376507835,-4.514625361901088,-4.397799686321126,-1.287193827662048,-5.381394966375519,-4.084859499943504,-5.5850371378267205,-5.258335698728294,-7.8110184978204265,-4.591550074547709,-7.6394601512048865,-5.185038804532274,-4.938855104816822,-16.089171008578543,-3.6336022940166863,-9.642657090817973,-7.858448312808146,-7.743030348835866,-4.383578650438171,0.2255676482888454,-14.010069916189185,-0.24466177681517864,-12.363499136190642,-5.952270626429049,-3.2365665099543652,-2.075513851839596,-1.8106468079592641,-3.3727122332465496,-10.47193395366903,-6.608525455978965,-6.109645895592554,-8.267094541784827,-11.429087053153125,-6.387634339948472,-2.820888829230425,-2.6404119897555085,-3.779691471410315,-6.200335292219205,-2.147302224291105,-12.174185031461949,-11.075365652190484,-7.5073701187226,-12.356983880941389,6.942397138791378,-14.06431169244141,-9.093832979072204,-0.3216530052165021,-9.678165567795515,-7.9905424534226315,-5.090127103050017,4.789847266040068,-5.041561359506611,-6.733480629694183,-8.651202596451355,-10.798887513455336,-7.74012192272419,-6.7757408256558636,-10.798439862612259,-12.640342474720052,-11.407657481412352,-10.53135164667921,-12.685506020052028,-7.378061201736578,-5.086846156927775,-12.291380139540806,-4.490575030930816,-8.470468524307211,-12.112903519019756,-6.79480545035422,9.626458445205232,ZEB1
3,-21.87021334870695,-20.21662346042081,-20.558615866916668,-21.228241341664233,-21.663175171026587,-21.613973798782833,-19.62064760776834,-16.663736093977857,-22.14464045386585,-20.116355383632083,-12.508533853779827,-18.71360190259651,-17.892917187954257,-13.817307044679303,-11.358078007359651,-14.046086782910896,-20.039120705753394,-15.701412049751218,-22.00773537893236,-16.87039244580465,-5.382324939790497,-15.335288648994604,-7.821321239408489,-8.959450935858492,-10.296210840718782,1.635414903196367,-14.501646200106784,-4.881759088847829,-19.712593524949376,-12.68527900320813,-11.036142946724949,-9.351321942787404,-12.607717428384975,-10.651244030362689,-10.859027929389299,-6.2986104334536295,-9.228941491288458,-1.706652604862925,-9.761778523204775,-17.9176835547967,-6.249583175715926,6.388162690228393,9.240700830389763,-8.668336832163291,-11.532886295558836,-8.041152731526992,-7.1269156776794,3.6346247771895865,-7.012518711300136,-13.479002896741612,-12.992011782856563,-16.650288500167417,-3.59811763078328,-4.747311883387901,-7.449424775130118,-10.357053554913826,-11.87049002629204,-12.082393029629003,-5.792533062424887,-9.07171795028314,-13.884420610557306,-10.626455178190817,-11.123968611531538,-3.940048191295829,-12.430497216750588,-14.540380268328075,-2.1040197442449857,-8.282937244793043,-15.2952907268336,-10.115688279408241,-8.579911125104646,-7.596220220386723,1.3745023258989888,-5.55284611363466,-15.116282356784694,-6.7966521341637005,3.0515125770997806,-2.9287439428936866,-1.6214180966058827,-11.740411845929989,-9.961013278824998,-3.232837871290325,-13.088182210474436,-8.590930050391474,-1.9090236417242772,-1.2324620940902322,-7.15010947419799,-9.795024171916664,-11.446987287657965,-7.207358964774312,-10.173839012639492,-16.66373052733983,-12.406991696451312,-9.348507102706538,-7.620232208832717,-7.575862669649285,-13.050904338954858,-11.948150695949668,1.1001018722404114,-7.99730805911991,-11.246726578013437,-13.923242158297008,-4.051714861874023,-7.799919658125164,-3.959700807993336,-5.153316622468221,2.3232222234366726,-2.4904444444826837,-14.269079387597369,-7.402379939024172,-8.916087405068074,-7.53749791850435,-9.229492387015014,-12.797646925669834,11.050886639701222,-14.113067172084435,-8.284773827776446,-12.948298593347824,-7.846232068050027,-10.099868735733489,-2.6633566437249527,-16.836796181285536,-6.7956863457068435,-8.825563085442163,2.580966767800812,-4.129669484037625,-7.544645230787192,-8.00669042320397,-12.820132950493669,-4.5374628753941915,-2.799711452952328,-2.0387672359329323,-5.66550813549836,-5.922206589608,-13.334007390147255,-11.361985171996544,-10.758105398987158,-4.288218693177661,-1.9351109990993716,-8.265611778672696,-14.323240739536756,-0.7925417323780992,-12.251806249543732,-6.33605004669928,-12.7914137334615,-3.982757848096676,-7.376997841783551,3.2397791668673,-10.515203983648377,-7.907539152352081,-9.733670605203976,-4.163241191940306,-2.6287884688378544,-3.742895771579689,-11.369458963928432,2.4300180432757954,-6.38588145080894,-12.99673467931509,-4.702118274587939,-11.873148134564453,-4.691530674271347,-1.0585281552160395,-9.41801145113735,-11.98308445557614,-5.148594464798899,-6.7606197794791365,-0.8130137811214319,-15.587254523291566,-9.189724991208097,3.064992021432452,-9.788439555647992,3.348240745006283,-11.551396432457624,10.307582116388915,-11.219496335294759,-5.255173062105735,-3.9233813315154324,-10.123589325717203,-13.953349653203054,-1.2336629015452536,-4.942777280584822,-6.485026741451182,-6.902469838595085,-11.850923025783036,-8.096104462329256,-7.53244554854724,-5.22016933934311,-8.513999153824356,-8.756363206590521,-1.1715416840648516,-9.380345090562223,3.90296231644442,-6.620005320326521,-11.936301191606798,-13.664242333484518,-5.104689866714835,-9.906527962748305,-9.653583357638544,-7.8928895964049595,-7.287630547430769,-8.837691905312683,ZEB2
2,4.6853953717611825,4.742113941702968,5.966756087353719,4.562354112209071,4.601421205752694,4.58035867181665,4.745198399710815,4.481257897458113,4.781836960094718,4.053290964951056,-1.3441643481177576,4.571107863490523,3.1528952814858986,4.210218206865806,5.458079098881496,3.117751937350177,2.5853229994999625,3.3225507553861124,3.786928734989661,4.487784568169227,3.7607865854934897,4.221195584002821,-4.505127368790447,4.116166381518874,5.368294391428927,2.738524125396763,1.2055340784623942,6.259138479077736,1.9585916603998585,2.354909671025346,2.2514573300098655,-0.49419237507193775,0.19053428297068542,-1.0113061169341362,1.8961788506685266,1.3957112260518054,3.452339101705868,-1.5212422610516383,2.629099692858673,-0.3459413256558958,2.1955282007677104,-0.11091771144200013,-3.684769522483978,4.139698053978192,-0.024762667345131772,1.396606258551852,2.020954298718172,-0.9094539456129782,4.188142854742274,-0.23983697322377917,4.571951311795376,3.0364548832468934,4.949418591219845,-4.2709054046892785,2.019978881256235,1.7141830343637723,1.8135290519669505,2.8483992784098504,5.935658316505942,2.3272873310356594,2.6166395200784223,-0.8263551788444647,0.32106140664201477,4.239850733304483,6.043110241360944,1.8762885430735983,-1.7493871868414232,5.727661383553524,2.2287977608801333,3.4867523199592974,0.27838604823874913,1.8203221227448956,3.2244750060250573,2.6853902983948994,1.0046723314304984,1.1287362204926754,-3.127569803223232,-1.7494360250190966,1.8581679001101503,-0.30629297857539295,1.5634776100491141,1.5979288282676294,-2.0219403878311297,-4.51426578690409,4.357246531719593,-2.8607756283852486,5.601831321706735,3.1802820644759726,4.836867858734163,0.11349876402033499,3.39400147923418,1.097132024180158,-2.151961106901178,-0.04688292005990957,-1.4064540266378813,5.747853440616476,-1.9866952034415564,-0.38559507819500477,3.6559870865180284,0.04481660411455679,4.927885638990591,-0.5637445962637998,-0.25442245048325995,4.050241702359245,-1.0327317065666657,0.04228700052360934,-3.572666353585018,1.0998426007551294,1.257615361998031,0.8323747145562015,-2.6199273431673213,5.726016517537302,0.36359008844412505,-1.2652411657400662,-0.3277788593907922,2.218694410908621,0.05584992087812696,3.560841580672056,-0.3848736993130695,3.6122150536652176,5.130929495493045,-1.9535045302447265,1.5986525719025468,3.3546590916405403,0.45478986694188794,-2.689405854383071,-5.2163774621191665,-0.9631180265209829,1.9604162544519004,1.6705854404042302,5.239332887870466,2.4337456578494545,-4.9958242982827885,4.551622023734814,-3.9235355419467206,2.4187691728988407,4.037224184047281,4.67616515271995,-2.5343108008197506,-0.7867545310993229,-1.1660301141626865,-1.2335563464620258,2.0944592178191,-0.4837486140206969,1.8477508909736564,-1.4756683852981691,-2.538282240416766,5.455881628319255,3.0121500563595482,-6.551134105815218,1.4810351286670405,3.521725192379954,3.2113371193440967,-1.8377636333917085,2.2306908991461785,3.634349281979458,-1.8598279436372076,-2.4983287171521176,5.336465031238888,1.2976581793232205,1.6999086670122958,8.130363282757969,4.492349899870797,-1.2794036155945112,-0.11654513723154247,-0.07088514630828768,3.1129895548755684,-0.49769377989504693,-0.015049731254215382,-4.110216220432598,-0.04784512187546741,-1.2016947961399134,1.7525789109747718,0.5133039988731981,-0.06875467579582217,1.5184925028023906,3.2592622193684146,-0.1532812198536535,1.371093058434404,-1.7386037060005464,-4.05554255606293,2.106047992528353,-1.6018656691739035,0.15050735274910343,0.4927426605718936,-4.18024953542137,-1.7198062519448092,-2.6303009547273843,2.828614658474224,3.0545835887882915,-2.5907512186736614,-3.250103874581723,3.229550726352932,2.507790217819017,4.28445517286081,-0.6978904120117565,2.3848972863486155,-1.6729449854231428,1.5001961671482367,5.029558568786609,5.44923020903666,miR101
5,2.5661059741225345,2.565915527824942,1.1841675383732124,2.560447677777732,2.5123024773274754,2.5171374612105355,0.8566483377299312,2.984719354185918,2.51900398311172,2.568367137891849,2.762501966518993,1.696434362175947,-1.3217293766605072,2.707105513790714,-0.25978614129294,3.111306820627745,3.3379445480769725,0.8004387508212892,2.5303835663280374,2.5151136388023527,2.567198075393154,-1.5317323007765746,0.959007676356488,-2.715007734929765,0.6608522343649601,3.460380341739646,0.3597275924420351,1.8375748531625449,3.2716986851920806,3.026569791113833,2.4345825456364585,1.3374091398336285,3.5482990805369656,1.1267783207665063,0.9043153556550807,0.5947136789230294,3.8255678860630637,2.9396576187297803,-3.4323582871176144,2.4351542485754534,2.4331511655155507,-0.9772913445702611,-0.7591943171546729,1.4851008481958643,1.72444284413413,1.626626388830924,2.784943418814941,1.6744088809726856,2.875174574499623,-1.599570307658762,1.3769496053259094,1.0292870885377494,0.9941441371328263,0.7354148522538715,2.3771706557136123,2.1162735669197366,2.206265972737591,-0.15923258562230025,0.2811083366390854,-1.188313195904069,2.9959659477556015,0.4667171979685335,2.6013549518422847,-1.384007218065817,1.5347962951608851,-1.1714553081505328,1.1539795065792529,-0.9051215746489644,2.3724610071377015,1.5813264805624911,0.8349738753866682,1.2717588276957363,2.993009394821335,1.6258128986828841,2.323041122973723,-3.205888454106957,2.661438707371695,2.585980616394497,1.2199953083646884,3.632531033993961,1.5444733232942451,3.9992982003216775,-0.17824831468012878,-1.715176359477904,-1.5971284023283077,-3.464396758699131,2.5588225145872316,0.9297578017563322,3.2987614330299104,1.5057544630841038,3.6533105562075905,-0.4390362968021983,1.4293396885021983,1.1873225859918939,-1.6761656741791433,1.042241037646937,1.3451789688895863,0.9889676706401205,0.9071057685105272,-2.6686731624310793,1.9052849494311532,-1.3991223531293862,-2.441027345425065,-0.8918136373967944,1.6013278575499081,-0.16307607254177314,-1.724476522801898,0.9031919593716088,0.3849833642351259,-1.6564186851866638,-1.143107951394374,-0.415590781394772,3.7716778147266137,0.5705901481948276,0.2695145715847248,-1.204543396612669,2.592912855326881,0.7955722870446086,2.559611788186107,3.0272560717731527,-1.0820530286066443,0.8773372496219984,-3.2638715851626054,1.1314508540703563,3.5241987332631837,-0.7065936517974286,1.7085226947026304,-2.3721432945117766,1.7257648268282564,2.8125312186569005,0.17667860357468293,3.7678637032010154,0.8645619430947742,1.3303409055013056,-0.834296194016265,2.7263086957294473,1.163746340471693,0.1317007764807363,0.08461830413649651,0.595912108871026,2.103620491856794,0.512829975198647,2.1091543514364948,0.48649441720014663,2.8752709772621285,-2.068695901575736,0.12092490738824813,1.4209468409136878,0.44657544948240857,-1.197375154733203,0.01633781589655106,1.4808477725294242,-0.48886687045494504,1.6670503435544421,-0.6450907122025713,1.2325272483288887,-2.2145835562757643,-0.5568377866445293,-0.2786217415242349,1.8361183524002747,0.4033519358488524,-0.5029758315675021,1.1423373919673319,1.8100835755323457,-3.7822096114373096,-2.6813128324452853,0.28432151658952154,-0.6174868653073218,3.61806301034211,-1.087351828322435,2.3839242901499014,1.1390883298417072,-1.2563251465744494,0.6271503721227005,-0.5337436878009376,3.9715646904520776,-4.2611678217346185,1.34861581663637,-0.03600242038226964,-2.5328241021935636,-0.2932621700223558,-3.5674162083581864,0.9710723102797375,-1.727574465210203,-2.5741012900372873,2.7240518883406093,-0.2727256588724134,0.863889513207069,-2.758187103295861,-2.6403850051856566,3.1955937861871924,1.8988880141779076,2.921408632186442,0.3631629793742379,2.680734580070799,-3.843215559080553,1.4789348624771486,-2.8047521692986317,2.163112985619959,-1.6142254814232817,-3.2337328369286826,miR141
7,5.020228014959477,5.006317571111969,3.5568781736267585,4.93685694720746,4.940774577532962,4.9601450485847325,4.189672715544984,5.0329523389708,4.999266835115901,4.984051023579132,4.283889960274728,4.524753231177731,2.2906769277284402,4.248451263868103,1.3779334268833667,4.880199499297792,5.761878140696451,1.0472218238013735,5.627437082084967,4.781400865807116,2.5942389209337287,3.6351381098777567,2.449640078533622,1.395212998479141,-1.2427620769430672,4.300466373076306,3.757633896382251,2.1763510791643377,5.858968502765214,5.109274148896954,-2.145810044657001,-0.23658433181941196,4.618253507966399,4.144846697638822,-0.8379675315023595,1.3794283262168099,4.376399864756815,2.087246415995968,5.958387053411419,5.687822349667208,1.1586173858297273,-4.74122492049594,-3.749944628973361,3.7049049113022847,5.209121749848807,1.8278367865944012,2.890841413165562,1.271232098678296,2.639437318913054,0.870948652041214,3.5834446442208527,1.6533071843789617,0.4289380007912736,-0.7510008018876848,0.8964344187298452,-0.7676080764757072,3.133926450573606,0.1275051271313446,-0.18075950899712767,-1.0589599111931682,0.9189876524270736,3.7980659930658813,1.2126113001065655,0.15672181025731557,3.3522364160632176,3.0431167472548313,3.2995923789416093,0.005442367162192319,6.034814414341778,-0.9985394979405384,2.2940492909869246,1.0813881152697826,1.8416087930210696,0.4556743357744468,5.85856049632425,3.103451694932741,3.3218453486192643,2.671846385914738,2.654162669724026,6.699917753101934,1.2698360907177804,-1.7240456376614104,4.882024678762332,3.4676385657628646,3.964482084465231,-4.986269005523173,4.337017229485987,-3.251697627955025,-0.3067442634654215,1.6456950474011276,3.7138169683582825,2.9544156616531816,0.18647712223213886,1.1256443963459324,2.852852407216449,2.5544264078176195,2.225464825610913,2.351007451374418,-0.7345793787582762,-0.38702959518969954,-0.2568237846834266,-0.9239945491714394,2.1888126820083427,0.06537123542155382,5.764485584446846,2.7262039519854104,-4.011040330145124,1.7067322157819667,3.4419941621744368,-2.969725007807653,-1.041482326393935,1.9861743930849087,-2.1942070069057267,4.731218653809144,-5.167246764807976,-0.78917403542061,5.522251259220641,4.354639698747228,-6.94432858878869,0.219613262045544,-1.4836954228186197,1.5282548912214897,3.124028921880842,3.1526473719023627,2.7832882707964286,-0.350019746679735,4.534706893545163,1.8298913846100748,0.39652288024196136,-0.013909924713380373,-1.2129337590004798,3.1376958177316268,-2.8050269299112798,2.370633057557054,-1.131268748828431,-5.449813580379313,3.449702363408697,-0.026910064213875484,0.8700675224218934,2.835227218029211,5.078456758605281,-1.1197677958055858,-1.176625406565555,5.805417198182928,5.408978169934983,-0.5679138110106569,-1.6042010642298097,-1.6229528470404726,4.1874448896013075,0.8225585610687458,2.8811711238018325,-1.526847245758027,0.06367983384304965,-0.9330198318001413,4.265140372205286,-3.0878879848422316,-3.3456799178369736,2.912999778432868,-2.554600271892268,3.362817255791279,1.7492637654003675,-0.2662861231289539,-0.5227422993657325,-1.448167955201658,0.6777263265894344,0.23738369311172902,1.572197581965224,4.300378651289266,-0.3592966463044712,-3.241492270549867,0.8872769813013126,-5.315688737942896,-3.4951730018476748,-3.652770338993265,2.9473815372422223,-2.918287541974043,-1.455103506633059,-2.9573967141739628,4.736927464594407,-3.917897404631379,-0.6701847015835871,5.15531600885107,4.600911546240176,2.3957985144983533,1.4821159112509341,0.9362685830346327,0.04796621752060126,3.7805437156204693,-2.893303095907879,-2.9196445980011565,5.042501143760392,2.2432269797166198,5.169648004171453,2.976489292402751,3.6632703056841223,1.9432678474680416,-1.438731900067621,-2.6487099012674067,-0.5569201259573308,-3.1263117676216607,-1.884003639855396,miR200a
8,7.363365808052633,2.3707951121755504,6.392525246460993,7.24579526071504,7.234898285089194,7.219337011262777,6.7722271838442225,7.269994926095408,7.413269135720657,2.4301759570584,7.172007139354825,6.588236496540302,7.602400820788763,7.9325261831872576,4.256777475742539,6.414399459283431,6.597783781717371,0.7391402472218521,7.319531869968716,7.1232894377890394,4.099036948684531,6.132034014688802,4.2113449079236,2.810142979275177,6.131988670963346,5.340281726135551,1.5554055376919858,5.341246380623439,6.6457722326917015,5.64839384322615,-0.48334783997501973,3.5889678415429387,-4.604069410373837,5.148696715329163,1.0596307747345164,3.9646776193777393,0.17408670276279858,2.6444888896927146,3.2932596898056836,5.159382492084097,-0.6468402572613128,3.0630641654405624,-5.736428860821039,3.342063966299866,6.667103599348362,3.682687101017007,1.952753873992463,3.456817403140727,2.7349263977076776,5.427003456391087,4.50090887923877,2.9837187453816805,-3.5781638616694273,2.352112051468384,5.924571696244195,3.031751249677302,0.07245162906887875,1.7266467213032333,-4.333750525913304,2.385775809975141,5.6466395934201925,5.835625604161163,2.152931684776466,1.0286231765654392,7.609552963261088,3.7655268887078583,-2.5236383691259383,0.4127299272772821,0.4367621565009665,3.5919120291099755,1.064818255816996,-0.1281995831000775,1.9260357359749363,2.006887415478147,0.16679068167387534,3.7921290629858646,1.058191271987622,-4.376844912464362,1.1322045048705942,7.860830460472149,2.0511143080682457,-5.310420864924003,1.5452060709269335,-3.5862789059660054,-0.40077863610066156,-2.525954514099552,-1.598778731441488,-2.9405424182720257,1.2020247119288996,1.1756886781918081,-1.1600894718592334,-0.4331069712641604,-2.3050074723875094,3.7579039851646763,-1.2245734536915809,-0.17830285909422783,1.5853238584173903,4.009790237170993,-3.8373969897332323,-0.11754570096721828,2.5698542574030077,-0.8952137244756593,1.3941772988589294,6.353115811944365,0.5936648695126339,0.016757685707107117,-5.019252417365508,6.814348732696395,-0.12738378168739292,-1.1318133607759773,-0.3085987343698171,6.294302208533904,3.9652123361612173,4.264517699670886,-3.6938986719257576,2.9835659261069924,-2.221463209321556,1.9412765073398237,1.8588016716324132,-1.1654910749589924,0.7328635180115657,3.9495585580370913,0.4138763341192908,-3.7334008562357495,-6.667293976990656,3.855924685322792,1.4069460267849134,-0.020889185540339472,1.5885261563736226,-2.561781600930085,3.478472112510197,-2.8964802730462327,4.401782993800867,4.04304816331659,-2.910085890344825,-3.565594049765461,1.8734266230608814,2.070264335494614,-3.969089575189028,1.819502561362778,3.94914721557897,3.280465398365351,8.147908360697679,-0.6218835523748498,5.930046986423306,-1.115767311679448,2.1217338089456574,-4.374220037338166,4.959450989420921,-3.190057639971621,6.369360483442705,-1.2773362570907911,-5.582389874013239,2.7404337142916435,-4.637427202484265,-1.4960607586445822,2.0545637787733755,-5.273040860959796,-3.957993651196193,1.7640791678497363,1.6219404208178008,3.6539757806329547,-6.222464974053202,-3.195342430518373,4.41238124959522,-0.355417737485461,4.8959564464357825,6.833749749825976,-5.415867113433359,-5.349007384147743,0.611674322079911,-3.2663514520993213,-4.834885612294741,-0.20712011061771674,-3.397584609355987,-1.2356650833926128,-5.171873458465055,-3.1552845495627286,-6.1448085225673434,-0.21733878899913717,1.8239512948411685,0.5560967704454916,-7.595322747444116,-5.33637646639178,1.2074795951233317,0.17967620377962368,-1.120597355136171,-2.4911387255576933,6.936516536374237,-0.6095201318702297,-6.408153864285759,-2.1959723365986172,-0.7883838129983534,2.1842309532018707,-0.6213683470399891,-4.14699227744252,6.1480088996976106,-2.8956044593983354,6.326369233152387,0.6408179474278717,-5.532173213270468,miR200b
9,5.050419839296214,4.985791505751887,3.340014209224092,4.877650182619621,4.95624798718668,4.960322255326343,4.188117638751856,5.004002965080181,4.999804802473158,4.982595667497101,4.276683762095757,4.200292957037004,5.089573088728076,3.9364516241732788,1.0045647873625767,4.553769265751466,5.735045965908077,2.612565161057323,5.634806276971967,4.771318275294926,2.150573043967375,3.9883323924611833,2.3245357571366325,1.3569535788981524,-1.3084198188690024,4.373000696361071,3.041281572439196,2.4431333621792444,5.8522578679696435,-0.8294926164118881,2.4792995973748897,1.812690042823845,4.79720846778077,1.0835360943287338,0.43572740205912064,1.3835202023770619,4.959409401375919,-1.383254175700598,4.814465415373121,5.7369152387446025,1.8424531751066342,-2.9434900008423313,-2.610728025919191,-0.6355263939520187,4.782321265550833,3.35141219793695,-3.67116582433402,-1.636679393967487,2.619109414397517,1.198696092055533,4.4543281505343195,3.2819164412452864,1.6524048633712884,0.9561962539166485,0.9268844418529638,3.0821559769574876,3.4128912671282206,-0.8442076525664466,1.2563389452148317,-1.2560317958149756,6.091941679644883,3.4204846183978486,1.13397194412492,1.6385281452527418,4.334123331018172,2.3331493948803295,0.786118711266092,-0.07207244514961852,5.141826908633129,0.7134460130121332,2.3558287506617965,1.4812776964192715,0.9849625994898652,0.4749636842218742,5.780432047037863,-0.2773244960619923,0.20054547378740262,1.0852407407269467,-0.5864285691052914,0.9820427932272292,3.6565917399785044,4.818404897338573,2.948966642955657,-1.6102449441602433,3.521233892456315,-3.2162627327974467,0.23803736368928474,-3.0030777242782682,-2.325102130421362,0.5402769106555558,4.452900100073732,2.950446354825521,0.9012132490363748,1.0338270159278005,2.3559753729288078,-3.7086916555759832,-3.710461614168673,2.6925503087477853,-2.603978468398359,-0.6554338363689143,-0.9824059312825177,-0.17936863445436146,-2.0557542947171243,-3.756577832043589,1.0568003228307519,3.0019509767145123,-4.042262409683295,1.663626437648104,-3.460252748475655,1.247005839621633,-3.561637311793087,-3.022643727798769,-1.8364483240267528,-1.8862045119610316,-5.359256898383805,3.5070002285993516,4.627949559983338,1.8492077317131281,-1.1776195234885662,4.45271779097614,0.9106897933603135,3.821495940874868,0.6048076899709711,-0.7603339244457046,-1.9544208479187937,-3.0859401303387464,-1.9204502173062417,-1.111864319420704,5.025648758810715,-0.003876020417575954,-0.19984858195345007,-0.9667215773836847,0.8800034996735775,3.5954768170851623,0.9317796567004066,-5.406269309784763,4.408025397175737,3.1490861814016853,-2.6935669183852617,1.9605436792695334,4.8942560536545745,0.6873074208987308,1.164186398746458,4.525709309794541,-0.35996674082311464,-5.590973266485122,-0.0782066351680859,1.1850368310584924,-1.1849811939782906,1.0770095475968062,-4.360081525897953,-0.7720813234686155,1.2382006837442578,-1.388296175936771,2.538321189988211,0.8632400065937913,5.160942238984086,2.9550744305309293,1.7386159053732415,-3.791926561076763,0.3325128071018393,-0.38217533841338047,-0.81479224548598,2.2588157888974623,-4.306620439965596,0.9900330807432329,0.4046767429397971,3.279745796045581,-0.11075807457131037,-0.9905959624347018,2.68360216431877,0.07442373949293901,1.384824738088307,-2.781579140054809,3.3772328134920193,5.631434021681742,2.336549667158426,-4.477217951281022,-6.424735166119636,-5.971732142214987,-2.6702707291969316,2.310040654826498,-3.1847859979192923,1.8610784526659039,-1.7631521898541036,2.475398263405591,-0.6895877904750489,4.722575242987936,1.9726076838258952,0.5380287831438713,-0.8934955713907895,3.5230147804431855,4.2185122458731685,-2.446905873168825,0.8441235508264899,3.8605373325413845,-5.648342938671545,0.46953206630491706,6.589361069827334,-4.043252353198922,4.027983986659878,miR200c
11,4.894859252226388,4.88399255090402,4.584739136125195,4.756396630709883,4.793144066877198,4.777022820607473,3.4504649622831405,1.0333508531881321,4.868898566975562,4.359946375978508,1.3880430664208092,3.941251587405689,2.916582430047984,3.8563327758772394,3.1025539726598974,4.908531316597079,4.714110111526633,2.9911131526774537,4.007436610237209,4.637407658798455,5.0257600474520485,-0.19181912603713713,-0.36736508924812583,4.751140860569807,2.6562604135421584,3.4025726128826896,1.6285980411461192,5.5001396266911655,3.899353692674077,3.6240886939391093,0.8002598118620913,3.976982989266783,5.17327368061379,4.7382902882102504,0.1625577555564391,2.161118752734853,4.838728278004193,0.7328062591245301,4.387777993483365,1.9245253854920885,0.6908274176753881,2.1694656892457855,0.4168379350387805,3.140933315033938,1.134811996588486,-0.5080897607376023,2.015298621347023,5.511383140961123,1.265852636783223,-1.125098702296125,3.1869371630580576,4.134408611633741,0.008135555285453733,-4.805291129342285,-0.39245523705673424,-0.5421091333312746,3.276558493272301,-1.2011795655933821,4.913571266046977,2.6815527449894683,1.7852057722700934,-0.10464743661477871,1.6985275782354803,1.5846900255700238,0.6365980997789016,-3.9393070594250608,3.1109768038968886,2.5480569995269393,4.518361032335235,3.138168862332367,-0.26340603028012666,6.620307440599317,5.100125232372688,4.491730988280021,-1.3677156428607242,-2.4735956836210344,4.922916107191987,-1.7393179998326835,2.9640666063527723,1.0640126084355963,-0.9958225087421886,2.546673448935146,-0.004800937590254684,5.513442498040896,4.443153202066948,-2.6873788148349673,-3.514268871715688,3.5949663991543654,-3.8443912080373135,3.1017553771381214,2.18910517412646,-1.2270044605904808,1.205847301514646,-1.0404069187007412,-0.155762283999215,0.916425856912799,2.9015114212723265,1.4294897881160349,-3.5234324762274785,-2.096074227184112,-0.6789318696744485,-1.2650974330635498,-0.09786854045646695,-1.7798871469149757,1.9109855104540143,-1.4356461476506865,-1.3181293411720871,1.1049527589345898,-0.008466186074741727,0.48518728948190076,-6.473286696688574,1.4642642432379058,2.9410230319121835,2.4570702726285916,1.0008389020066137,4.62714143604195,-2.639257854541727,5.685266912460614,1.8296311859222274,3.158281020371356,-2.704521937223613,-0.8868489127431691,5.10910753530352,-0.4258443772618631,-4.785818307387224,-0.15375275486890594,3.35033425956096,0.5765876479940681,2.1950412381329816,3.5161248367644453,2.2629012434524047,0.49971909849034546,-1.4264051605125576,0.1845583069737624,-0.4220517906770608,-3.3954806501831447,3.26492168779296,4.813405528604328,-0.6211220667979753,0.6490753334496988,-1.2322629120960131,-3.172678253876723,4.435363370672661,-3.826361650366612,3.4231302111444855,-2.647912262000915,1.461506282144105,5.196532246718995,3.107100101616007,3.535903071292251,-3.739256914272617,-1.5087506893504503,-2.067462117204747,1.9439970618304057,2.667610642645246,-6.02192758874651,2.2410504258120585,1.35631063458427,2.370177282277397,-2.3917310323266463,0.3151422960029646,-2.447386357208743,-2.279159979632433,-2.1496040952423434,0.059971352170328895,-2.080322295021174,-3.3602222080108524,0.11828460224900139,4.114049221115775,-0.7263318561332848,3.3181974301363004,2.1926870700397245,-0.9680563954651921,3.1637575792323673,2.0346101690172427,4.065443558250324,2.905829628041687,-1.9973886410461412,2.0626822558826428,-6.489736460416205,0.5565668941701222,3.2491779073480656,-0.8111053723079389,-0.6053945712817574,-3.45206387670805,0.7773446881775314,1.538445761643783,3.8060171978653834,3.4620881168132054,4.569245796693049,1.6391220739580394,-2.9549101481442435,2.075348960140742,2.316416815627361,4.252299480717953,0.5663976102959429,0.17629237537906983,0.47920146502063415,3.079987960089941,5.264073308464382,-0.6585431603875721,miR34a
