Network,Influence Team Strength,PC1 Variance,% PFLs,Av. Pairwise P-N,Intra-Team Positive Paths,Inter-Team Positive Paths,Base Adjusted PFLs,Expected % PFLs,Total Number of Swaps,Number of Swaps
EMT_000_00,0.689291171744335,0.9464771990381714,99.96786632390744,4.555420820414173,100.0,0.0,1.9995791266781189,49.99445382788281,0,0
EMT_010_01,0.2217475127179019,0.8257865074193584,53.92030848329049,1.969942121413087,51.55499490563291,48.698975319356265,1.0785258034605862,49.99445382788281,10,5
EMT_010_02,0.0924300745332336,0.6261849039984325,49.67866323907455,1.4310120510808502,50.134313586879685,50.20252897044838,0.9936834875745332,49.99445382788281,10,5
EMT_010_03,0.2625911666571852,0.767407527410235,61.600257069408734,1.723143415374934,55.01411986193913,44.98682807501725,1.232141814799728,49.99445382788281,10,5
EMT_010_04,0.1992032531762885,0.7727604235033251,53.34190231362468,1.5219045172302166,52.94127142995512,47.21807034133545,1.0669563967488518,49.99445382788281,10,5
EMT_010_05,0.1216812541997817,0.6465987762369708,45.951156812339335,1.0862785469928564,49.45833392961919,52.12631213672248,0.9191250887655772,49.99445382788281,10,5
EMT_010_06,0.3207958390796137,0.8784912065794158,65.16709511568124,2.0888327399560653,67.96389937912053,32.5207628422024,1.3034864895220912,49.99445382788281,10,5
EMT_010_07,0.2750898451024789,0.8758169414313078,58.41902313624679,1.955170571758024,56.39959868138168,43.38447751046834,1.1685100778851885,49.99445382788281,10,5
EMT_010_08,0.1715940577972171,0.7776453631745452,53.88817480719794,1.194787055605451,53.93650387249568,46.13503537373116,1.0778830586432675,49.99445382788281,10,5
EMT_010_09,0.1886021648419847,0.8334454537466253,54.98071979434447,1.7608280152072855,53.33031995609079,47.285178293627794,1.0997363824320996,49.99445382788281,10,5
EMT_010_10,0.1123700188023028,0.7646627049980915,52.89203084832905,1.1392205763981376,52.10771901326581,47.85302615924226,1.0579579693063916,49.99445382788281,10,5
EMT_010_11,0.2722352911136717,0.7459062756611599,48.84318766066838,1.964039650473132,49.331114382640976,50.79975392187019,0.9769721223242496,49.99445382788281,10,5
EMT_010_12,0.401154974193473,0.9226320999057852,73.68251928020567,2.7971245492667927,70.95148178966907,27.99753921870193,1.4738138661115163,49.99445382788281,10,5
EMT_010_13,0.1127056810407582,0.7361052777118918,48.84318766066838,0.9696227347918812,49.87513691128149,51.12725917644867,0.9769721223242496,49.99445382788281,10,5
EMT_010_14,0.2858006591104451,0.8664973846856269,51.767352185089976,2.0564622388007745,51.24975996927606,48.42202399261766,1.035461900700241,49.99445382788281,10,5
EMT_010_15,0.2766781812924027,0.8923837248604451,62.2107969151671,2.3094008049960952,61.53193848763067,41.052408937771,1.2443539663287817,49.99445382788281,10,5
EMT_010_16,0.3138019841659322,0.8669086691508485,51.02827763496144,1.9291934855994453,51.03213211291045,48.55429098738849,1.0206787699019135,49.99445382788281,10,5
EMT_010_17,0.1934812362317943,0.8162314795957838,53.08483290488432,1.7673341074052489,51.464428379667815,48.92431370757777,1.0618144382103032,49.99445382788281,10,5
EMT_010_18,0.3422347643910197,0.9182754415079012,67.41645244215938,2.298549170728499,67.91109261985534,32.11473392802215,1.3484786267343922,49.99445382788281,10,5
EMT_010_19,0.3027278895282427,0.8334854443469376,54.85218508997429,2.043043292641761,55.78314024195097,44.48784989234082,1.0971654031628253,49.99445382788281,10,5
EMT_010_20,0.1951564878585518,0.8770964791611124,67.67352185089975,1.6210744338823742,61.02624872165316,39.2586748395515,1.3536205852729408,49.99445382788281,10,5
EMT_010_21,0.1858775189693019,0.6845034846324961,42.15938303341903,2.257097260060537,42.94287438234862,55.66164584309045,0.8432812003219842,49.99445382788281,10,5
EMT_010_22,0.1160681934659437,0.7917154183861634,52.15295629820052,0.8691341599229215,51.60809538751177,48.47895628175375,1.043174838508064,49.99445382788281,10,5
EMT_010_23,0.1935609192114001,0.8127627613502565,45.05141388174807,1.4639304220068832,44.95637905544815,55.24340878424477,0.9011282338806568,49.99445382788281,10,5
EMT_010_24,0.2658721938702314,0.888347680783839,64.33161953727506,1.7422903804360674,64.67387825641681,35.349123346662566,1.286775124271808,49.99445382788281,10,5
EMT_010_25,0.3025463464634942,0.8222932225951926,51.9280205655527,1.8405947633698587,52.97638097676503,47.19932328514304,1.038675624786834,49.99445382788281,10,5
EMT_010_26,0.1821140125430527,0.7857029842813098,51.34961439588689,1.6410683678881215,54.21653971708379,45.88741925561366,1.0271062180750994,49.99445382788281,10,5
EMT_010_27,0.2676150377952375,0.8401138242943728,45.340616966580974,1.7802924963368796,49.58394674518338,49.18025223008305,0.906912937236524,49.99445382788281,10,5
EMT_010_28,0.2824378815723449,0.7899211912859947,44.601542416452446,2.0015955541152217,47.42367022978941,53.18978775761304,0.8921298064381966,49.99445382788281,10,5
EMT_010_29,0.088805073489652,0.6736565561768614,51.02827763496144,0.9229122556532188,51.25617080149672,48.405470534848064,1.0206787699019135,49.99445382788281,10,5
EMT_010_30,0.1717269556304069,0.7758843638894076,47.26863753213368,1.4123409026605869,52.89957114510657,46.60719778529683,0.9454776262756392,49.99445382788281,10,5
EMT_010_31,0.1056679345943284,0.6182809758164921,50.67480719794345,1.1055202149877326,50.32991028339056,49.66492000062196,1.0136085769114094,49.99445382788281,10,5
EMT_010_32,0.277401974108838,0.8147952776488806,51.34961439588689,1.817943055324609,51.34305910663257,48.42188063321425,1.0271062180750994,49.99445382788281,10,5
EMT_010_33,0.1500325852356432,0.8206954439155694,56.58740359897172,1.0502146600297628,57.32253728477245,42.88526607197785,1.1318736232980289,49.99445382788281,10,5
EMT_010_34,0.1990295230675182,0.8818187512903114,58.80462724935733,1.2824139026540358,60.89259425206427,39.5032297754537,1.1762230156930114,49.99445382788281,10,5
EMT_010_35,0.2219260735436539,0.7581963430008255,44.95501285347044,1.3935287736253272,48.489488672953904,53.0962089008415,0.8991999994287011,49.99445382788281,10,5
EMT_010_36,0.2514680960932705,0.8032908191345188,57.77634961439588,1.5264597227842378,56.54803814888306,43.49584743155952,1.1556551815388163,49.99445382788281,10,5
EMT_010_37,0.0963081936492958,0.6431079639027938,50.6426735218509,0.9628012916624024,50.54727005056648,49.440172254690864,1.0129658320940906,49.99445382788281,10,5
EMT_010_38,0.2531764569519965,0.897930562753989,58.57969151670951,2.036390703059515,59.36923279725811,40.51688016281575,1.171723801971781,49.99445382788281,10,5
EMT_010_39,0.1868616821452637,0.882754168082255,63.49614395886889,1.4594182674897174,58.56540613393095,41.45644632120936,1.270063759021525,49.99445382788281,10,5
EMT_010_40,0.232198374773917,0.8560712812499648,55.944730077120816,1.7387833547039948,56.05997567688664,45.06151953245156,1.119018726951657,49.99445382788281,10,5
EMT_010_41,0.1255414674219045,0.7603442670311505,53.82390745501285,0.976625245901438,51.12727647938916,48.91945273416663,1.0765975690086305,49.99445382788281,10,5
EMT_010_42,0.4152140467560564,0.9134581089715544,71.72236503856041,2.821563504788245,70.82666581322408,28.88649646262688,1.4346064322550829,49.99445382788281,10,5
EMT_010_43,0.3781678433039424,0.8531056251019867,64.68508997429306,2.3341179689902987,62.94565704410165,37.14241771762535,1.2938453172623126,49.99445382788281,10,5
EMT_010_44,0.2036804527445844,0.7826278713371299,55.30205655526992,1.379110799761761,55.73038286135185,45.112475079666574,1.1061638306052854,49.99445382788281,10,5
EMT_010_45,0.1969199627576129,0.859744643505314,52.8598971722365,1.5504085885765668,52.29669795796831,47.87686608166021,1.057315224489073,49.99445382788281,10,5
EMT_010_46,0.3315432928715757,0.7949610746504803,57.96915167095116,2.2499045900913703,55.653523651027335,42.22546908643494,1.159511650442728,49.99445382788281,10,5
EMT_010_47,0.1420675989017091,0.63124024930983,49.32519280205656,1.8701970314544327,50.62401628006804,51.435469642332045,0.9866132945840288,49.99445382788281,10,5
EMT_010_48,0.3267020927941166,0.8065153876841249,64.04241645244217,2.375458283331928,61.796709978877296,37.445401414949245,1.2809904209159408,49.99445382788281,10,5
EMT_010_49,0.3253100608669291,0.8608183597305371,51.63881748071979,2.2812868578269585,52.91569692267908,47.75746496039,1.0328909214309665,49.99445382788281,10,5
EMT_010_50,0.4248461093478468,0.8733217899025137,57.101542416452446,2.784808594664274,59.37880048646227,40.90279913872655,1.1421575403751263,49.99445382788281,10,5
EMT_020_01,0.1599878753125586,0.6965130920315135,51.99228791773779,1.2383719073669115,51.92684417558652,48.03070499034583,1.039961114421471,49.99445382788281,20,10
EMT_020_02,0.0966029880535765,0.6273492672219354,49.19665809768637,0.994496048830834,49.90442340431886,50.23947151114781,0.984042315314754,49.99445382788281,20,10
EMT_020_03,0.0926795955825436,0.5711011874977192,50.353470437018,0.9471521120163952,50.10943757194507,49.92025276077347,1.0071811287382233,49.99445382788281,20,10
EMT_020_04,0.1631316727265548,0.7262846624221783,51.70308483290489,1.1867586110680628,50.78610310598784,49.177581012113386,1.034176411065604,49.99445382788281,20,10
EMT_020_05,0.1840412529172101,0.6059132459991616,53.40616966580976,1.5541601011605162,51.44018434359599,48.129806213472776,1.0682418863834888,49.99445382788281,20,10
EMT_020_06,0.4117808348933248,0.8462224705077165,61.92159383033419,2.689852468955874,60.04928630864751,39.850815133804986,1.238569262972914,49.99445382788281,20,10
EMT_020_07,0.1218258078053979,0.73464151948043,52.41002570694088,1.066989762234847,51.77106572850524,48.08786574622339,1.048316797046613,49.99445382788281,20,10
EMT_020_08,0.0699677379583602,0.7659995604092459,48.97172236503856,0.8107172911820166,49.7226561254742,49.74218050452342,0.979543101593524,49.99445382788281,20,10
EMT_020_09,0.2852110767234075,0.7925374597203224,55.88046272493573,1.994213995405535,51.87714840830967,47.18491138906307,1.11773323731702,49.99445382788281,20,10
EMT_020_10,0.2436449353257359,0.715231446379824,56.61953727506427,1.5443987582468115,56.74486334250785,42.7545370655183,1.1325163681153474,49.99445382788281,20,10
EMT_020_11,0.0836691807882419,0.6868864225998822,47.49357326478149,1.2484940103836863,48.10720377903162,51.90250060110604,0.9499768399968692,49.99445382788281,20,10
EMT_020_12,0.1365434572849319,0.756844675684353,53.7917737789203,1.0886284151841543,52.22152494508943,47.566330050806,1.0759548241913115,49.99445382788281,20,10
EMT_020_13,0.1121947298875313,0.4007679160531492,45.40488431876607,1.1294032374138423,48.28751842286734,53.12669218560359,0.9081984268711611,49.99445382788281,20,10
EMT_020_14,0.0664923927361664,0.5247364374074773,49.10025706940874,0.8043845291029403,49.5758777520734,50.59950913723835,0.9821140808627984,49.99445382788281,20,10
EMT_020_15,0.056870676513925,0.7080527812584038,51.092544987146525,0.5517308030153445,50.82053129811,49.18740783098083,1.0219642595365506,49.99445382788281,20,10
EMT_020_16,0.0979303498068931,0.5862945204206292,50.32133676092545,0.922992226049577,49.85632899828924,50.14486293737463,1.0065383839209048,49.99445382788281,20,10
EMT_020_17,0.2171149771797494,0.7644436098284803,55.4948586118252,1.585906210938025,54.292438029494825,45.81791381797654,1.1100202995091972,49.99445382788281,20,10
EMT_020_18,0.0871155911254592,0.6293477332015097,51.44601542416453,0.7880816690458529,51.241281763644345,48.74323894368438,1.0290344525270554,49.99445382788281,20,10
EMT_020_19,0.1039063948230802,0.6989956692916857,51.83161953727507,0.9356423638116677,51.34334816176968,48.54075249743254,1.0367473903348785,49.99445382788281,20,10
EMT_020_20,0.0856923203874963,0.7693530313402769,51.41388174807198,1.1306231820570756,50.59709572638685,49.28756877047661,1.0283917077097366,49.99445382788281,20,10
EMT_020_21,0.1807273456927806,0.6185308055686388,47.7827763496144,1.3508996844405956,48.86378329454357,51.29341864716637,0.9557615433527366,49.99445382788281,20,10
EMT_020_22,0.1278440306365783,0.6848174599560418,52.217223650385606,1.1761364463278468,51.021376920520886,48.7770746194393,1.0444603281427012,49.99445382788281,20,10
EMT_020_23,0.0524042755933915,0.6305020403035457,56.362467866323904,0.6084703197611857,51.03912995350897,48.60065170166546,1.1273744095767988,49.99445382788281,20,10
EMT_020_24,0.0596534234105795,0.4593503320026822,49.90359897172236,0.7914197045760146,50.14099940377395,49.97173630738676,0.998182701295763,49.99445382788281,20,10
EMT_020_25,0.0137289892241555,0.5219494548228776,50.44987146529563,0.4924524641051257,50.41455022120269,49.85409584549201,1.009109363190179,49.99445382788281,20,10
EMT_020_26,0.0553867936572023,0.5793082683216207,50.89974293059127,0.5139206342519258,50.31302634505991,49.984514850258606,1.0181077906326397,49.99445382788281,20,10
EMT_020_27,0.0156450970272635,0.5365445359858153,50.19280205655527,0.6535814955138805,49.863966609986086,50.38999076756551,1.0039674046516305,49.99445382788281,20,10
EMT_020_28,0.0984954877832694,0.7473469080754506,53.05269922879178,1.0778694872795191,50.14355188375227,49.73668219566538,1.061171693392985,49.99445382788281,20,10
EMT_020_29,0.3172424308054489,0.839212709263946,55.52699228791774,1.7380041784462552,54.86302246687576,44.69394032605352,1.1106630443265155,49.99445382788281,20,10
EMT_020_30,0.0505644078794226,0.6769212630445672,52.95629820051414,0.5122925686512736,51.88285845661101,48.042456124016574,1.059243458941029,49.99445382788281,20,10
EMT_020_31,0.078577640494045,0.4433350762354204,49.00385604113111,1.0330817200607991,49.19178486997636,50.78553282524402,0.9801858464108428,49.99445382788281,20,10
EMT_020_32,0.1310300134241061,0.5975323876608593,50.86760925449872,1.4425760246743653,50.46919497657916,49.68459993992379,1.0174650458153207,49.99445382788281,20,10
EMT_020_33,0.1250132099532785,0.5751178210894032,49.90359897172236,1.3307479075110191,49.91358893938424,50.175330667486925,0.998182701295763,49.99445382788281,20,10
EMT_020_34,0.1075964646749925,0.6025084023725908,49.96786632390746,0.7864351162832155,50.06557864705167,50.00093361964336,0.9994681909304004,49.99445382788281,20,10
EMT_020_35,0.1741829786638473,0.6403285654963763,48.0719794344473,1.5550477206854136,48.99230541580349,50.88433558032437,0.9615462467086038,49.99445382788281,20,10
EMT_020_36,0.119601574087158,0.6242200468236545,50.61053984575835,1.1970718968072382,50.46233611835804,49.886482449589245,1.012323087276772,49.99445382788281,20,10
EMT_020_37,0.0900559835474084,0.6146217862189275,46.43316195372751,1.1532060539317406,48.40266719745223,51.87581816018088,0.928766261025356,49.99445382788281,20,10
EMT_020_38,0.2026159032921864,0.7522656628751206,51.124678663239074,1.428501000908184,51.47378864494655,48.90956628729622,1.0226070043538693,49.99445382788281,20,10
EMT_020_39,0.0616305769718357,0.4993279815051643,50.128534704370175,0.7339695904133018,49.87927827987863,50.09816655088047,1.002681915016993,49.99445382788281,20,10
EMT_020_40,0.0470855075813313,0.5121715214259642,49.71079691516709,0.6248283326358729,50.00808119989656,50.04265691651432,0.9943262323918516,49.99445382788281,20,10
EMT_020_41,0.141937880592964,0.7338016318646362,50.06426735218509,1.40543395935618,50.34112308214738,49.354334725632114,1.001396425382356,49.99445382788281,20,10
EMT_020_42,0.0205431553848883,0.5681084434035539,51.47814910025706,0.7537404336230537,50.483702430309776,49.60104432514888,1.0296771973443737,49.99445382788281,20,10
EMT_020_43,0.0336636469447765,0.6525700641869376,46.11182519280206,1.0205977065395355,48.863839394480806,51.16991432254151,0.92233881285217,49.99445382788281,20,10
EMT_020_44,0.0463353129769287,0.6357668543943688,50.57840616966581,0.8320430631196686,50.10989706045129,49.86852546249475,1.0116803424594534,49.99445382788281,20,10
EMT_020_45,0.1745427030940123,0.7785542387610076,47.87917737789203,1.638835364658551,48.64233109189882,51.92461415482998,0.957689777804692,49.99445382788281,20,10
EMT_020_46,0.17879863127444,0.8098915259325764,51.83161953727507,1.7323413383965185,51.438505141049305,48.681611397102834,1.0367473903348785,49.99445382788281,20,10
EMT_020_47,0.1437073216881378,0.7521700976190263,49.55012853470437,1.0272101686908437,50.33868145999372,49.064071905665045,0.9911125083052588,49.99445382788281,20,10
EMT_020_48,0.1094022059955684,0.6437504531254545,50.25706940874037,1.0459366080210204,50.12033816034302,50.15022358859697,1.0052528942862675,49.99445382788281,20,10
EMT_020_49,0.0742594588183026,0.5205701478334132,50.51413881748073,0.7276404926698505,50.4691871153385,49.55278107055437,1.0103948528248163,49.99445382788281,20,10
EMT_020_50,0.0703992926356562,0.3314001153629203,49.10025706940874,0.7905813148172676,49.752524252623246,50.20614722954292,0.9821140808627984,49.99445382788281,20,10
EMT_030_01,0.128471854210567,0.76995073665926,48.39331619537275,1.0489371439461972,49.02833171785868,50.87876863996036,0.9679736948817896,49.99445382788281,30,15
EMT_030_02,0.0426630490013705,0.5617856881025433,50.803341902313626,0.5432998371151606,50.064873069108174,49.711878465098,1.0161795561806837,49.99445382788281,30,15
EMT_030_03,0.0069758434510163,0.4512479842625125,49.13239074550128,0.3521430407382949,50.04932808444201,49.88099874507768,0.982756825680117,49.99445382788281,30,15
EMT_030_04,0.0492998307770164,0.5175670405836467,48.875321336760926,0.7604312609489078,49.45783132530121,50.706990199551306,0.9776148671415684,49.99445382788281,30,15
EMT_030_05,0.0639344322604524,0.6805004043369413,50.128534704370175,0.5556443679058272,50.05323963158175,49.896907216494846,1.002681915016993,49.99445382788281,30,15
EMT_030_06,0.045986232732497,0.5056026354922764,49.71079691516709,0.6637678431034433,49.0988170944677,51.06414823240638,0.9943262323918516,49.99445382788281,30,15
EMT_030_07,0.0285428615518568,0.4916558041160856,50.32133676092545,0.3207499892471368,49.90436005625879,50.15599517833085,1.0065383839209048,49.99445382788281,30,15
EMT_030_08,0.0927576376180483,0.5799532541508601,50.739074550128535,0.8784039389026227,50.36164629072522,49.64933866502614,1.0148940665460464,49.99445382788281,30,15
EMT_030_09,0.1159414785227961,0.6299185342372691,50.835475578406175,0.8320617018787938,50.64802770769013,49.27083496852582,1.0168223009980022,49.99445382788281,30,15
EMT_030_10,0.1746061717917484,0.624147670563233,50.70694087403599,1.222531980522749,49.97478495165915,50.35020392710251,1.014251321728728,49.99445382788281,30,15
EMT_030_11,0.040439253452627,0.4605307587478504,48.97172236503856,0.6909637842239731,50.25604980419721,50.15201157058945,0.979543101593524,49.99445382788281,30,15
EMT_030_12,0.0972878614078694,0.7776230399159009,55.75192802056556,0.8922715069538218,51.454064314116685,48.1160206017891,1.1151622580477458,49.99445382788281,30,15
EMT_030_13,0.0153474326427526,0.4866516226913394,49.22879177377892,0.8496094161542274,49.99760899019686,50.15669141825031,0.9846850601320728,49.99445382788281,30,15
EMT_030_14,0.0622154331404355,0.5855885482309614,51.25321336760925,0.7073071422797496,50.33609978644923,48.96886641830761,1.0251779836231436,49.99445382788281,30,15
EMT_030_15,0.0229583286537702,0.4803782929251663,49.58226221079691,0.7917185571792701,49.8450761147784,50.44621888210428,0.9917552531225772,49.99445382788281,30,15
EMT_030_16,0.0934876096792909,0.4324391525291589,50.353470437018,0.4519750752851024,49.93900387009928,49.99383172958303,1.0071811287382233,49.99445382788281,30,15
EMT_030_17,0.0528875206115601,0.5727267095704426,50.6426735218509,0.7471017838173918,50.338955823293176,49.72725322546045,1.0129658320940906,49.99445382788281,30,15
EMT_030_18,0.0588450614305127,0.5685526272590188,49.38946015424165,0.6736073066224133,49.84912223328825,50.26643868590116,0.9878987842186656,49.99445382788281,30,15
EMT_030_19,0.043982900969786,0.5628618324931437,49.807197943444734,0.5773018937159254,49.96216261666527,49.902273428659605,0.9962544668438076,49.99445382788281,30,15
EMT_030_20,0.0215233535727948,0.3645674606847353,49.58226221079691,0.5251291219564743,49.95043570473512,49.943566591422126,0.9917552531225772,49.99445382788281,30,15
EMT_030_21,0.0596242576212576,0.6386751409388384,51.51028277634961,0.8319232286078352,50.693442108566046,49.339835664554975,1.0303199421616924,49.99445382788281,30,15
EMT_030_22,0.0641296431108864,0.5943516434276546,50.86760925449872,0.6200155705899362,50.31760908049567,50.07102272727273,1.0174650458153207,49.99445382788281,30,15
EMT_030_23,0.0457741436531789,0.4560501607073285,50.06426735218509,0.6115910769148186,49.89619460211931,50.09392752868751,1.001396425382356,49.99445382788281,30,15
EMT_030_24,0.055105711332376,0.6420928190091616,46.465295629820055,0.8207540789161863,48.70606596276655,51.03601724377695,0.9294090058426744,49.99445382788281,30,15
EMT_030_25,0.0735777681308742,0.6910734284237647,50.99614395886889,0.6958817528943316,51.02290555381236,48.81766292416735,1.020036025084595,49.99445382788281,30,15
EMT_030_26,0.0272047053555301,0.3856186840938425,49.90359897172236,0.527424696225092,49.909034819888944,50.01321907901899,0.998182701295763,49.99445382788281,30,15
EMT_030_27,0.0653396214798946,0.5359951539918119,49.61439588688946,0.7543997287097572,50.12285012285013,50.01302861697398,0.992397997939896,49.99445382788281,30,15
EMT_030_28,0.0925914360970558,0.5275085614138567,49.646529562982,0.7163076401860848,49.8756734355574,50.13122549170964,0.9930407427572144,49.99445382788281,30,15
EMT_030_29,0.1945435505602151,0.7482128471550095,54.56298200514139,1.2720584065604252,54.20693848812648,46.12119347892956,1.0913806998069582,49.99445382788281,30,15
EMT_030_30,0.0236469162908181,0.4904248847049683,50.0,0.4391674877948612,49.99095759110227,49.8462997481932,1.000110935747719,49.99445382788281,30,15
EMT_030_31,0.1611163766105222,0.6347780972480537,55.23778920308483,1.4403524996170265,50.57834898665349,47.89090357332524,1.1048783409706482,49.99445382788281,30,15
EMT_030_32,0.0692102391738323,0.5259653976026933,50.86760925449872,0.7585952343581094,50.28483645906676,49.48784989234082,1.0174650458153207,49.99445382788281,30,15
EMT_030_33,0.0129662061124159,0.3812551945416085,47.10796915167095,0.8399522730334505,50.18106937442306,50.86880387931034,0.9422639021890462,49.99445382788281,30,15
EMT_030_34,0.043620941765471,0.4146034256792781,47.911311053984576,0.7260579801484808,49.38122827346466,50.7366174526574,0.9583325226220109,49.99445382788281,30,15
EMT_030_35,0.0656891076905118,0.4558390973267917,50.835475578406175,0.8628230383306293,49.89614549144588,49.95887838865354,1.0168223009980022,49.99445382788281,30,15
EMT_030_36,0.0225059575206925,0.5319894355876067,50.54627249357326,0.3570426511761212,50.173845579150026,49.70357869228439,1.0110375976421349,49.99445382788281,30,15
EMT_030_37,0.0146689760080661,0.3722446757806072,49.58226221079691,0.4015118098684339,49.74827746181206,50.05843059743482,0.9917552531225772,49.99445382788281,30,15
EMT_030_38,0.2166866228340087,0.7142953652001712,50.38560411311054,1.4421398136215098,50.6574611125758,49.54806656291153,1.0078238735555418,49.99445382788281,30,15
EMT_030_39,0.1581168708538347,0.7716323204027428,51.60668380462725,1.0924952619789847,51.02258302120391,49.00868090984726,1.0322481766136482,49.99445382788281,30,15
EMT_030_40,0.0380875522539698,0.4270448616373499,50.353470437018,0.6516596206598793,50.082888498391966,49.99255841643102,1.0071811287382233,49.99445382788281,30,15
EMT_030_41,0.0757758453675523,0.727079608022354,46.24035989717223,0.9462670989118508,46.51098318683648,54.475684005378376,0.9249097921214444,49.99445382788281,30,15
EMT_030_42,0.1104449146294207,0.7391052646046998,51.5745501285347,1.3937620154314696,50.05372973941077,49.44467728415759,1.0316054317963297,49.99445382788281,30,15
EMT_030_43,0.0853593414906802,0.7816294419757268,50.38560411311054,1.0463409760341555,50.0406834825061,49.52833155147475,1.0078238735555418,49.99445382788281,30,15
EMT_030_44,0.0241375501820437,0.4290820121286071,50.06426735218509,0.5131492843911838,50.225831172854605,49.660789024371816,1.001396425382356,49.99445382788281,30,15
EMT_030_45,0.122101213871663,0.7038341363959849,47.87917737789203,1.0757494187145178,49.05312136487011,51.20326157653442,0.957689777804692,49.99445382788281,30,15
EMT_030_46,0.0949406550634679,0.7267464005767684,46.91516709511568,0.8240297774567266,48.10067219008911,51.91212111674168,0.9384074332851344,49.99445382788281,30,15
EMT_030_47,0.1156687679100089,0.4848452522020938,49.4215938303342,0.8063697701245658,49.99356478651179,49.928083973436976,0.9885415290359846,49.99445382788281,30,15
EMT_030_48,0.0579508692437484,0.4240334583598386,49.90359897172236,1.0088679097175912,50.13409533539798,50.06782796361955,0.998182701295763,49.99445382788281,30,15
EMT_030_49,0.1908628517001587,0.7682686677741518,50.224935732647815,1.5842844022749727,50.42893438947841,49.71288076301112,1.004610149468949,49.99445382788281,30,15
EMT_030_50,0.1534103979950871,0.6080492299883384,50.6426735218509,1.0134336239141144,50.55094275570392,49.54853471794421,1.0129658320940906,49.99445382788281,30,15
EMT_040_01,0.0267819246791013,0.4249370948577656,51.02827763496144,0.5845373233332377,50.52078100405238,49.346549842168926,1.0206787699019135,49.99445382788281,40,20
EMT_040_02,0.0587739932084577,0.4876680756250227,50.77120822622108,0.6971498945312307,50.2877021988668,49.732260128649855,1.015536811363365,49.99445382788281,40,20
EMT_040_03,0.0508955662393179,0.5521320152935085,49.71079691516709,0.8570598320009369,50.0903846456136,50.06964551216841,0.9943262323918516,49.99445382788281,40,20
EMT_040_04,0.0595516091648868,0.5168573377757087,49.67866323907455,0.7039625423555885,50.23582301443332,49.68729042219693,0.9936834875745332,49.99445382788281,40,20
EMT_040_05,0.0053714600028859,0.3866250991183116,49.93573264781491,0.5828195211291384,49.918223720077314,50.01418312655828,0.9988254461130815,49.99445382788281,40,20
EMT_040_06,0.0316585396708697,0.4888086383909014,47.23650385604113,0.6148409023579168,49.84708018732677,50.56693545895511,0.9448348814583204,49.99445382788281,40,20
EMT_040_07,0.0435067938633561,0.401795320973032,50.06426735218509,0.8267548313422396,49.93884216233938,50.06119189362982,1.001396425382356,49.99445382788281,40,20
EMT_040_08,0.0209177556936193,0.4571971139514066,50.0,0.5704616362137888,50.35188844075048,49.69141856920825,1.000110935747719,49.99445382788281,40,20
EMT_040_09,0.0196210317702606,0.3858259330259296,49.293059125964014,0.5954997343650655,49.627746504448886,50.39964144319116,0.98597054976671,49.99445382788281,40,20
EMT_040_10,0.0136267683512985,0.4356267037730859,50.03213367609255,0.7123158360598549,49.97080222850018,49.9602500350735,1.0007536805650374,49.99445382788281,40,20
EMT_040_11,0.0264845527544142,0.4849675705269043,49.96786632390746,0.6108101549999558,49.81868416508375,50.02742473868141,0.9994681909304004,49.99445382788281,40,20
EMT_040_12,0.0269548704417542,0.3483374771001406,50.32133676092545,0.8821500012029646,50.09852304196549,49.7979525862069,1.0065383839209048,49.99445382788281,40,20
EMT_040_13,0.0710738218259676,0.657840018823839,51.863753213367616,0.7946063973773343,50.66900340399717,49.23280035206103,1.037390135152197,49.99445382788281,40,20
EMT_040_14,0.0571115330937486,0.5122861403284551,48.61825192802057,0.762558586445039,49.57695247634361,50.92187318433589,0.9724729086030198,49.99445382788281,40,20
EMT_040_15,0.0263666946279493,0.4444453706892564,46.850899742930594,0.5342585546310299,48.63049776139057,51.97124026363091,0.9371219436504976,49.99445382788281,40,20
EMT_040_16,0.0063061009072285,0.3310738216783345,50.16066838046272,0.4092226284475778,49.982250186679074,49.9792671482508,1.0033246598343115,49.99445382788281,40,20
EMT_040_17,0.0233555014734605,0.2946773732356434,51.02827763496144,0.653943143530043,50.77635258944933,49.15617629942724,1.0206787699019135,49.99445382788281,40,20
EMT_040_18,0.0609481905333079,0.6423914283000831,50.38560411311054,0.7413428735934344,50.24412170435699,49.64997222001746,1.0078238735555418,49.99445382788281,40,20
EMT_040_19,0.018309804716936,0.3778155354770607,50.353470437018,0.5905749557804106,49.979529338551984,50.05191951722373,1.0071811287382233,49.99445382788281,40,20
EMT_040_20,0.0593637616254651,0.5439490561931147,51.092544987146525,0.6139783678231397,50.019527089398565,49.548760775862064,1.0219642595365506,49.99445382788281,40,20
EMT_040_21,0.0240271409134876,0.4050560747553183,50.25706940874037,0.6997737856081324,49.955620251366895,50.27613146551724,1.0052528942862675,49.99445382788281,40,20
EMT_040_22,0.0572691045180087,0.5068531925372882,50.6426735218509,0.9608744962396571,49.93343878717639,49.93009849044156,1.0129658320940906,49.99445382788281,40,20
EMT_040_23,0.0817576738958118,0.5404038806906325,50.09640102827764,0.624625172387964,49.94232854275762,49.97304846376243,1.0020391701996747,49.99445382788281,40,20
EMT_040_24,0.0817654834793378,0.7243032499535736,51.767352185089976,0.6705296221714289,51.00581620783249,48.53181464853974,1.035461900700241,49.99445382788281,40,20
EMT_040_25,0.0500299048263983,0.7009608229530109,49.38946015424165,0.9097362480610186,49.29121041728322,50.934392311286125,0.9878987842186656,49.99445382788281,40,20
EMT_040_26,0.0304262775776296,0.4383483289318139,49.260925449871465,0.427027441629411,49.285943003522256,50.49191416097892,0.9853278049493914,49.99445382788281,40,20
EMT_040_27,0.0138272199174073,0.3997220749957678,49.32519280205656,0.4565094682073792,49.81361047008892,50.08009764284079,0.9866132945840288,49.99445382788281,40,20
EMT_040_28,0.1460168874307896,0.5327633482912068,50.77120822622108,0.9435487900129392,50.38724956794469,49.41402645339896,1.015536811363365,49.99445382788281,40,20
EMT_040_29,0.0745584740674216,0.3561469950664371,50.09640102827764,0.9410614795392208,50.05213909319689,49.972116785695015,1.0020391701996747,49.99445382788281,40,20
EMT_040_30,0.0470541589252006,0.4550107282543112,49.93573264781491,0.5721931961054882,49.914975813508114,50.20689861221075,0.9988254461130815,49.99445382788281,40,20
EMT_040_31,0.0200763368959463,0.3372005105312818,50.25706940874037,0.4416348638063422,50.05690158499777,49.87963696715061,1.0052528942862675,49.99445382788281,40,20
EMT_040_32,0.0231783707485359,0.3973930091011359,50.25706940874037,0.6737848385354768,50.00391794260997,50.008633816303785,1.0052528942862675,49.99445382788281,40,20
EMT_040_33,0.052021815606971,0.5129659538388763,50.9318766066838,0.7502829836492673,50.19728999110096,49.61224339636525,1.0187505354499578,49.99445382788281,40,20
EMT_040_34,0.0299826844104246,0.3543873103153395,50.06426735218509,0.4731293210192188,50.03065025699062,50.00078258283639,1.001396425382356,49.99445382788281,40,20
EMT_040_35,0.0299935237555557,0.3533843069034361,50.19280205655527,0.7843097629416695,50.00428643160693,49.95529776052683,1.0039674046516305,49.99445382788281,40,20
EMT_040_36,0.0143932506847495,0.3447527532233694,50.16066838046272,0.5345320723427963,50.0034113392918,49.72272225770861,1.0033246598343115,49.99445382788281,40,20
EMT_040_37,0.0133496034285853,0.2969988206980098,49.16452442159383,0.6910753749835443,49.51116722687642,50.57254401114611,0.9833995704974356,49.99445382788281,40,20
EMT_040_38,0.0677744815733714,0.4959309027656018,50.19280205655527,0.6161007385054247,49.78005757961039,50.15316916307015,1.0039674046516305,49.99445382788281,40,20
EMT_040_39,0.0062967267770263,0.3692540628633071,50.128534704370175,0.5578714812740149,49.99923837377568,49.96847873526987,1.002681915016993,49.99445382788281,40,20
EMT_040_40,0.0309807643423054,0.5832640872252262,49.87146529562982,0.6413027595535459,50.146632068663735,50.1450715739865,0.9975399564784444,49.99445382788281,40,20
EMT_040_41,0.0220738570691648,0.3994853264797876,49.293059125964014,0.9552246534653004,49.896809017304335,50.20923095998264,0.98597054976671,49.99445382788281,40,20
EMT_040_42,0.032802000653439,0.445558919333327,52.89203084832905,0.6557163329066389,50.60324079042174,50.182238563928,1.0579579693063916,49.99445382788281,40,20
EMT_040_43,0.020198052491948,0.3165681691975712,49.807197943444734,0.3631710965245444,49.956203074722914,50.00639713408393,0.9962544668438076,49.99445382788281,40,20
EMT_040_44,0.0106559494948073,0.2988683897758605,50.224935732647815,0.528687906935924,50.15144613983147,49.68759447747657,1.004610149468949,49.99445382788281,40,20
EMT_040_45,0.0182758380328813,0.3690615164503079,48.52185089974293,0.5256638224677036,49.81051943809213,50.34845833584747,0.970544674151064,49.99445382788281,40,20
EMT_040_46,0.0897874970290024,0.6370672714918749,50.44987146529563,0.7042722208667326,50.3082180307548,49.684430943463006,1.009109363190179,49.99445382788281,40,20
EMT_040_47,0.0143669983813054,0.3407339151057928,50.51413881748073,0.4885070303865721,50.03481807555522,50.059455556971166,1.0103948528248163,49.99445382788281,40,20
EMT_040_48,0.1221914718337613,0.4988220376873142,48.93958868894602,0.8136394500744432,49.44502932771845,50.75218773557077,0.9789003567762056,49.99445382788281,40,20
EMT_040_49,0.1313099532131212,0.6887524703294329,49.38946015424165,1.212192983056097,49.43352749151892,50.64441710243002,0.9878987842186656,49.99445382788281,40,20
EMT_040_50,0.0224939604055312,0.5319631957640729,50.06426735218509,0.527161716000666,50.03372193852972,50.036788374873545,1.001396425382356,49.99445382788281,40,20
EMT_050_01,0.0251712018685076,0.3385557295800915,48.875321336760926,0.2992155590785609,49.547932796663765,50.49055838151965,0.9776148671415684,49.99445382788281,50,25
EMT_050_02,0.0351885135806333,0.444170753117007,49.22879177377892,0.3874372297731072,50.03166203044079,49.76969138645785,0.9846850601320728,49.99445382788281,50,25
EMT_050_03,0.0085019554078056,0.3699042387142204,50.70694087403599,0.632484435085806,50.0903027376929,50.00628588190923,1.014251321728728,49.99445382788281,50,25
EMT_050_04,0.1580026006968749,0.5346451315712403,49.807197943444734,1.2412851473533455,49.72001226459245,50.18384316118697,0.9962544668438076,49.99445382788281,50,25
EMT_050_05,0.0143501219559359,0.4441878304663461,49.807197943444734,0.5706152114356219,49.6061988632019,50.17738449618725,0.9962544668438076,49.99445382788281,50,25
EMT_050_06,0.0231210494636725,0.4315712563444876,52.15295629820052,0.5191630605706691,50.26118633583064,49.74320503202724,1.043174838508064,49.99445382788281,50,25
EMT_050_07,0.0332742631640924,0.3476993305566583,50.0,0.8970022969993735,49.786557816346246,50.13738432871174,1.000110935747719,49.99445382788281,50,25
EMT_050_08,0.0384452416528101,0.4036104439699394,49.38946015424165,0.6726643113928784,49.65981890115711,50.20490887143645,0.9878987842186656,49.99445382788281,50,25
EMT_050_09,0.0154646516980209,0.3219780757931292,50.835475578406175,0.4850422845738046,50.06524848051483,49.85926305015353,1.0168223009980022,49.99445382788281,50,25
EMT_050_10,0.0290317797010441,0.4048121780480502,50.16066838046272,0.9640976110231732,49.86819996608654,50.33284909244744,1.0033246598343115,49.99445382788281,50,25
EMT_050_11,0.0290038313645024,0.4848778747310385,49.4215938303342,0.6422776683152472,49.92869181900687,49.993921711646,0.9885415290359846,49.99445382788281,50,25
EMT_050_12,0.0210636681203992,0.3965145131070582,49.775064267352185,0.4467042107956002,50.25017986787886,50.06480197721381,0.9956117220264888,49.99445382788281,50,25
EMT_050_13,0.041242997288064,0.4601189198667585,50.06426735218509,0.5432409587057891,49.87454522644587,49.79707962009957,1.001396425382356,49.99445382788281,50,25
EMT_050_14,0.1131904001856766,0.4627081878664498,49.45372750642674,1.0087702016626163,49.81307238740434,50.32007028994603,0.989184273853303,49.99445382788281,50,25
EMT_050_15,0.0078089626535336,0.3704712752719659,49.96786632390746,0.3522827070664084,50.05593176324884,49.68966776195692,0.9994681909304004,49.99445382788281,50,25
EMT_050_16,0.1044177682887623,0.5184783449808084,49.293059125964014,1.2254975930837653,49.935640833415846,50.26489483411071,0.98597054976671,49.99445382788281,50,25
EMT_050_17,0.0552565633581066,0.5380689538595845,49.260925449871465,0.5049313649768636,49.72118095356114,50.22397305969438,0.9853278049493914,49.99445382788281,50,25
EMT_050_18,0.0242156729437136,0.3189401325046939,49.807197943444734,0.4709934006777181,50.04737218448337,50.0,0.9962544668438076,49.99445382788281,50,25
EMT_050_19,0.0622429764596826,0.3860797356785664,50.09640102827764,0.7358058448960029,50.06933349410665,50.035967694470784,1.0020391701996747,49.99445382788281,50,25
EMT_050_20,0.0247951572295815,0.4641894879504553,51.124678663239074,0.7599883601160717,49.99844095912195,49.9652832570617,1.0226070043538693,49.99445382788281,50,25
EMT_050_21,0.0281909021819417,0.4574334230835157,49.93573264781491,0.7375986481882502,49.90938745922436,49.98802646152004,0.9988254461130815,49.99445382788281,50,25
EMT_050_22,0.0108109762811706,0.4137462392775323,49.45372750642674,0.587398118147378,49.96783259404734,49.87727551646554,0.989184273853303,49.99445382788281,50,25
EMT_050_23,0.0401961081271241,0.4014670596241587,50.0,0.804699834760941,49.98449055556463,50.37957107713669,1.000110935747719,49.99445382788281,50,25
EMT_050_24,0.0479059911125925,0.631288991729191,50.32133676092545,0.9276725173435628,50.15263291783262,50.05726135941563,1.0065383839209048,49.99445382788281,50,25
EMT_050_25,0.0130980717396397,0.4552622249431187,50.0,0.6517958236849991,50.132404007094856,49.74923083407089,1.000110935747719,49.99445382788281,50,25
EMT_050_26,0.0073608898104025,0.3570369059315466,50.803341902313626,0.4256177553438258,49.9088512797773,49.70858697059966,1.0161795561806837,49.99445382788281,50,25
EMT_050_27,0.0289767863332721,0.4740493245541139,51.156812339331616,0.5304198702019549,50.12919896640828,50.42427473455062,1.0232497491711878,49.99445382788281,50,25
EMT_050_28,0.0183886448505204,0.3591024010739421,50.38560411311054,0.6596979698543473,49.79316028018129,50.05760282478268,1.0078238735555418,49.99445382788281,50,25
EMT_050_29,0.0773663219786698,0.3790302845499021,50.128534704370175,0.6006882566948595,50.29015784586816,49.63376560999039,1.002681915016993,49.99445382788281,50,25
EMT_050_30,0.0247019746462793,0.3111203146649527,49.32519280205656,0.42043939579207,50.05236951932838,50.22688035689732,0.9866132945840288,49.99445382788281,50,25
EMT_050_31,0.0450628588244902,0.5291365632347027,50.09640102827764,0.6584285535104225,50.09408506710218,49.6026400862069,1.0020391701996747,49.99445382788281,50,25
EMT_050_32,0.0116232576622791,0.3255923901042755,49.71079691516709,0.6469209271745271,49.956203074722914,49.79529170931423,0.9943262323918516,49.99445382788281,50,25
EMT_050_33,0.0280597460262897,0.3203090192466946,50.19280205655527,0.6219937940897214,50.08805426234939,49.93372386368495,1.0039674046516305,49.99445382788281,50,25
EMT_050_34,0.0118138105606362,0.4146788663282672,49.93573264781491,0.6324287705699597,50.20720894371627,49.85135466470516,0.9988254461130815,49.99445382788281,50,25
EMT_050_35,0.0539653947230553,0.3909097246414348,49.87146529562982,0.8073086191523823,50.088633389108864,50.02308230703936,0.9975399564784444,49.99445382788281,50,25
EMT_050_36,0.0097845757107333,0.3197874340317972,49.90359897172236,0.4402728883199836,49.66303949527618,50.05483048884084,0.998182701295763,49.99445382788281,50,25
EMT_050_37,0.0259151091228747,0.4369175070070524,50.835475578406175,0.4687482410010719,50.5561336155861,49.85648599693465,1.0168223009980022,49.99445382788281,50,25
EMT_050_38,0.021109377079439,0.4175024711342662,50.67480719794345,0.3583094647194226,50.248784095748256,49.20319765922984,1.0136085769114094,49.99445382788281,50,25
EMT_050_39,0.0579925113082057,0.4096578560515547,50.06426735218509,0.7525012130091178,49.86819882247092,50.05533128633552,1.001396425382356,49.99445382788281,50,25
EMT_050_40,0.0098326704851826,0.3105789652432707,49.71079691516709,0.3745033693742646,49.9420497819968,50.20350316156698,0.9943262323918516,49.99445382788281,50,25
EMT_050_41,0.0067926008882839,0.2912346624388462,50.19280205655527,0.4801219155883455,50.075910096042776,49.908838210240006,1.0039674046516305,49.99445382788281,50,25
EMT_050_42,0.0138348803173722,0.4980322313991551,50.03213367609255,0.3709905688402528,50.02019355900259,50.08325227913417,1.0007536805650374,49.99445382788281,50,25
EMT_050_43,0.0477175383147844,0.4960398102344515,49.48586118251928,0.8114314313962329,50.27149321266968,49.86153143379204,0.9898270186706216,49.99445382788281,50,25
EMT_050_44,0.0663373965908397,0.5415378269736876,51.73521850899743,0.706029185685163,50.45855558623897,49.45579042395544,1.0348191558829225,49.99445382788281,50,25
EMT_050_45,0.023971831312022,0.4280361908221885,48.81105398457584,0.4326148902663105,49.75328286481187,50.34535569339154,0.9763293775069314,49.99445382788281,50,25
EMT_050_46,0.0469131667719716,0.4056015165419738,50.51413881748073,0.5516331603735702,50.15464081879922,49.92745346216776,1.0103948528248163,49.99445382788281,50,25
EMT_050_47,0.0245851825492777,0.3919943573425707,48.84318766066838,0.399760075260789,49.00169646352603,51.11768970517158,0.9769721223242496,49.99445382788281,50,25
EMT_050_48,0.0338146727530748,0.4862838502993892,49.22879177377892,0.8510611715633154,50.03167148176186,49.822409811260655,0.9846850601320728,49.99445382788281,50,25
EMT_050_49,0.0262094201281381,0.4368293069230486,51.89588688946015,0.6420548610571742,50.09606807109037,50.02022536839063,1.038032879969515,49.99445382788281,50,25
EMT_050_50,0.0511082302011328,0.5488354816958624,50.38560411311054,0.6095172522044757,50.07691397467755,49.92517443103415,1.0078238735555418,49.99445382788281,50,25
EMT_060_01,0.0114409757496275,0.3420082893755906,50.41773778920309,0.3894252097748998,49.84069121923393,50.10693937705566,1.0084666183728606,49.99445382788281,60,30
EMT_060_02,0.0173421344679043,0.3395935210929808,49.51799485861182,0.5039510563366961,49.55661776825449,50.42937075491457,0.99046976348794,49.99445382788281,60,30
EMT_060_03,0.0458646935654559,0.4770451800496441,50.25706940874037,0.7760469944505805,50.20651174389427,49.83031049233635,1.0052528942862675,49.99445382788281,60,30
EMT_060_04,0.0132279132253946,0.2893790720194484,50.0,0.589368540675782,49.9639948152534,49.93617446671075,1.000110935747719,49.99445382788281,60,30
EMT_060_05,0.0434653987894843,0.4922612139131945,50.54627249357326,0.7295899802276823,50.302297460701325,49.71453384583219,1.0110375976421349,49.99445382788281,60,30
EMT_060_06,0.0275659678458798,0.4257389067819634,50.44987146529563,0.5106798850264674,50.14317959774955,49.713849675696295,1.009109363190179,49.99445382788281,60,30
EMT_060_07,0.0141573844627019,0.2947527892089588,49.58226221079691,0.4502584782554383,49.92035811386044,50.13531799729364,0.9917552531225772,49.99445382788281,60,30
EMT_060_08,0.0123415155901035,0.3111530964874185,50.803341902313626,0.582180194387195,50.41111147508762,49.47034217099521,1.0161795561806837,49.99445382788281,60,30
EMT_060_09,0.0439401912233218,0.4168287916238274,49.96786632390746,0.6632900565490137,49.91598372737457,50.13742709660119,0.9994681909304004,49.99445382788281,60,30
EMT_060_10,0.0510056070369445,0.5932912494727787,49.71079691516709,0.7507064587558739,49.86029458246413,50.34595286779437,0.9943262323918516,49.99445382788281,60,30
EMT_060_11,0.0534776217927861,0.5380842994089884,49.71079691516709,0.8458303327235156,50.08242823894492,50.07769652650824,0.9943262323918516,49.99445382788281,60,30
EMT_060_12,0.0229782156620843,0.3187149601344727,49.646529562982,0.662037497311549,49.7073179204808,50.19373471926338,0.9930407427572144,49.99445382788281,60,30
EMT_060_13,0.0220707792190822,0.3059534997498707,49.19665809768637,0.6759641569315379,49.517652406687205,50.11590363440682,0.984042315314754,49.99445382788281,60,30
EMT_060_14,0.0424912383620758,0.3848762740874198,49.74293059125964,0.7500953328238575,49.96341138903672,50.08013771815267,0.9949689772091702,49.99445382788281,60,30
EMT_060_15,0.0084606639963368,0.3032301601938011,50.96401028277635,0.4673506318306942,50.06408613176109,49.98924665109992,1.0193932802672765,49.99445382788281,60,30
EMT_060_16,0.0222446155296078,0.3678783358818768,51.5745501285347,0.342231467588205,50.32207449004873,50.70822454308094,1.0316054317963297,49.99445382788281,60,30
EMT_060_17,0.0235349748316982,0.3737633215358371,50.128534704370175,0.5685762908166029,50.02634678569214,49.88886772083572,1.002681915016993,49.99445382788281,60,30
EMT_060_18,0.080730644726979,0.5519365357897771,49.775064267352185,0.868488095903679,50.1870385561936,49.81520987951083,0.9956117220264888,49.99445382788281,60,30
EMT_060_19,0.011754114870916,0.5150741654278451,50.38560411311054,0.7361012312789353,50.22583034404635,49.82354445486318,1.0078238735555418,49.99445382788281,60,30
EMT_060_20,0.0727959228151557,0.5396749597735508,50.19280205655527,0.9257283685148276,50.23237556916313,49.80884334555483,1.0039674046516305,49.99445382788281,60,30
EMT_060_21,0.0422028601500248,0.397405129720014,50.70694087403599,0.6949910419606031,49.92455442732373,50.06734913793104,1.014251321728728,49.99445382788281,60,30
EMT_060_22,0.0349178440296724,0.5350400963623886,50.19280205655527,0.6234876576259974,49.94588278114613,49.5953957332641,1.0039674046516305,49.99445382788281,60,30
EMT_060_23,0.0153569114793334,0.4263769539789139,50.353470437018,0.5502845718934841,50.04336737996298,49.86969063961006,1.0071811287382233,49.99445382788281,60,30
EMT_060_24,0.1020479844527872,0.5138765064329908,50.16066838046272,0.702131284684583,50.03636458089821,49.77827928891001,1.0033246598343115,49.99445382788281,60,30
EMT_060_25,0.0258095408015533,0.4018449522596535,51.670951156812336,0.5523103144465803,49.995004662315175,49.82655360531309,1.0335336662482852,49.99445382788281,60,30
EMT_060_26,0.0238545331347781,0.4498702671943377,50.67480719794345,0.4898714052414498,50.85046116064576,49.008863819500405,1.0136085769114094,49.99445382788281,60,30
EMT_060_27,0.0425904206301806,0.3958693212780077,50.06426735218509,0.6430223231333158,50.04208329125004,49.96182421519397,1.001396425382356,49.99445382788281,60,30
EMT_060_28,0.0158208499589574,0.3045546760262524,50.16066838046272,0.6384500626055281,50.02220212153605,49.93628854543001,1.0033246598343115,49.99445382788281,60,30
EMT_060_29,0.0168806120704576,0.3340111295754757,49.61439588688946,0.4218614433375045,49.957009247398624,50.03757639351701,0.992397997939896,49.99445382788281,60,30
EMT_060_30,0.0304072713399611,0.5422945889113638,50.25706940874037,0.5519678857081344,50.06502384207543,50.09328634465603,1.0052528942862675,49.99445382788281,60,30
EMT_060_31,0.0257859760280316,0.4684583107811694,50.57840616966581,0.4637597507832764,50.1396483800788,49.49061932620536,1.0116803424594534,49.99445382788281,60,30
EMT_060_32,0.0162286451356926,0.409524215116483,49.4215938303342,0.4990487989397959,49.90645775565429,50.125654140673504,0.9885415290359846,49.99445382788281,60,30
EMT_060_33,0.0076331532773295,0.3449278220977829,49.00385604113111,0.3939835159997917,49.70164742508756,50.4541312272175,0.9801858464108428,49.99445382788281,60,30
EMT_060_34,0.0396515866455265,0.4514278097483875,49.55012853470437,0.5688362561737356,49.608102157639806,50.2905127443912,0.9911125083052588,49.99445382788281,60,30
EMT_060_35,0.0520735455400779,0.5879723050627566,50.86760925449872,0.7391954974313725,49.881653019447285,50.201588083220486,1.0174650458153207,49.99445382788281,60,30
EMT_060_36,0.0120157409189587,0.3123958231759602,50.70694087403599,0.4745864451410695,50.44595665961945,49.535599092103695,1.014251321728728,49.99445382788281,60,30
EMT_060_37,0.0357438977345867,0.3884546462016173,50.0,0.6436549548245997,50.00750690057399,49.84239462431277,1.000110935747719,49.99445382788281,60,30
EMT_060_38,0.0115380370175167,0.3304893479252647,50.41773778920309,0.5572465902911012,49.91608168865694,49.95750245178163,1.0084666183728606,49.99445382788281,60,30
EMT_060_39,0.0290269938045145,0.4191052227468569,48.13624678663239,0.532654104052389,49.67863247863248,50.18257694314032,0.9628317363432408,49.99445382788281,60,30
EMT_060_40,0.0554720225871635,0.6760794770358078,50.16066838046272,0.4220273737022812,51.12915172023178,48.80402352740602,1.0033246598343115,49.99445382788281,60,30
EMT_060_41,0.0540227098735126,0.5203239223721248,49.61439588688946,0.7029959711970333,49.39943947684505,49.806121240824055,0.992397997939896,49.99445382788281,60,30
EMT_060_42,0.0591472613548195,0.382094434219123,49.32519280205656,0.8392400982740897,49.90874787283893,50.26498341160757,0.9866132945840288,49.99445382788281,60,30
EMT_060_43,0.0429907917283144,0.4346692305092021,50.128534704370175,0.7967446171679876,50.013439148948216,49.98856097002975,1.002681915016993,49.99445382788281,60,30
EMT_060_44,0.0761946047296509,0.5014179077925193,50.224935732647815,0.8760202201784713,49.12894890389264,50.49683830171635,1.004610149468949,49.99445382788281,60,30
EMT_060_45,0.0222190885912529,0.3419943006373305,49.807197943444734,0.3943508438580239,49.88262459111026,49.91625804629013,0.9962544668438076,49.99445382788281,60,30
EMT_060_46,0.0754841494163154,0.425436870761346,49.48586118251928,0.6183566412887459,49.84035470985923,50.30008174984547,0.9898270186706216,49.99445382788281,60,30
EMT_060_47,0.070541786600964,0.4564258495322577,50.06426735218509,0.7435490086726801,49.83834464920789,50.157132543423785,1.001396425382356,49.99445382788281,60,30
EMT_060_48,0.0122449513601363,0.4156015788236518,49.06812339331619,0.4307921685029615,50.035562749858975,49.77592133315929,0.98147133604548,49.99445382788281,60,30
EMT_060_49,0.0784308216732262,0.4430059775562369,49.93573264781491,0.8065385970134142,49.91941193305918,50.00736196319019,0.9988254461130815,49.99445382788281,60,30
EMT_060_50,0.0158683445263148,0.4433093217061126,50.44987146529563,0.6587879451522815,50.162614752963975,49.93873149691207,1.009109363190179,49.99445382788281,60,30
EMT_070_01,0.0181935126058488,0.3291813964147309,48.74678663239074,0.6380102745155832,49.96544019546382,49.97932650342261,0.975043887872294,49.99445382788281,70,35
EMT_070_02,0.0278136272465418,0.5618794897480632,53.43830334190231,0.4492281400338513,50.35484447622453,48.938075742067554,1.0688846312008076,49.99445382788281,70,35
EMT_070_03,0.0151816015797411,0.3982961670957793,50.128534704370175,0.549130375529771,49.94539276757544,50.01048071548351,1.002681915016993,49.99445382788281,70,35
EMT_070_04,0.0250800973886836,0.3281885292045701,50.16066838046272,0.6357993648783817,50.386770205926965,50.51284155247395,1.0033246598343115,49.99445382788281,70,35
EMT_070_05,0.1159185438264102,0.6516710298752363,50.57840616966581,1.075367813721185,50.30665624436293,49.73765330884764,1.0116803424594534,49.99445382788281,70,35
EMT_070_06,0.0641788035156117,0.4397134872570692,50.16066838046272,0.7520424201616406,50.09842367128044,49.90237320422256,1.0033246598343115,49.99445382788281,70,35
EMT_070_07,0.0255461962531057,0.5186668625268215,52.120822622107966,0.7063931908451404,50.57870572421137,49.39982058693702,1.0425320936907454,49.99445382788281,70,35
EMT_070_08,0.0971904633039194,0.5266352762363509,50.6426735218509,0.956025332983477,50.9303143238872,49.22793270338788,1.0129658320940906,49.99445382788281,70,35
EMT_070_09,0.0251312472919526,0.3657903597501042,48.55398457583547,0.8318193691549645,49.962284126248925,50.39752054979113,0.9711874189683825,49.99445382788281,70,35
EMT_070_10,0.0325700777011019,0.3685723527694242,50.0,0.3870530413348672,49.9604933642244,50.04825798149164,1.000110935747719,49.99445382788281,70,35
EMT_070_11,0.0597818008704574,0.4669972534948601,50.41773778920309,0.6771216412604534,50.30418369575391,49.53159007034035,1.0084666183728606,49.99445382788281,70,35
EMT_070_12,0.0165409068983781,0.402930627099287,51.02827763496144,0.5696349238282138,49.98243148278285,50.12480739599384,1.0206787699019135,49.99445382788281,70,35
EMT_070_13,0.0677802458718485,0.4629902674906833,51.22107969151672,1.0821781803567945,50.77782144494661,49.18578050689303,1.0245352388058253,49.99445382788281,70,35
EMT_070_14,0.014810825251167,0.3017339909334974,50.44987146529563,0.5449566299321109,49.95079224485779,49.956421122231234,1.009109363190179,49.99445382788281,70,35
EMT_070_15,0.0244156552342614,0.3286057669065076,49.22879177377892,0.571421152209907,49.842392301405965,50.17689813923882,0.9846850601320728,49.99445382788281,70,35
EMT_070_16,0.0182116554689571,0.3954115540634462,50.54627249357326,0.5691247560888192,50.26738789685589,49.81741887952849,1.0110375976421349,49.99445382788281,70,35
EMT_070_17,0.0117270545458925,0.3640156326626169,50.0,0.5900421427847506,49.70479760802586,50.25557809330628,1.000110935747719,49.99445382788281,70,35
EMT_070_18,0.0623092489287352,0.4426369932992687,49.51799485861182,0.7893619488253559,49.94144882627417,50.09790986737032,0.99046976348794,49.99445382788281,70,35
EMT_070_19,0.0161085683316658,0.3895262590390092,51.06041131105399,0.4352818111215715,50.130049841762016,49.72606893763267,1.0213215147192325,49.99445382788281,70,35
EMT_070_20,0.0477764745090918,0.384082334572718,50.03213367609255,0.9498735133181868,49.97422718369391,50.00754894230931,1.0007536805650374,49.99445382788281,70,35
EMT_070_21,0.0344744067670716,0.4328230165081721,49.55012853470437,0.6151569867185493,50.05042101547925,50.05396430053965,0.9911125083052588,49.99445382788281,70,35
EMT_070_22,0.0093913756550419,0.3170286340461481,49.87146529562982,0.3305055895825897,49.98403549162283,50.4565840747004,0.9975399564784444,49.99445382788281,70,35
EMT_070_23,0.0243579323319803,0.3660989318693644,49.3573264781491,0.4118484426174962,49.83288106426633,50.12821277357028,0.9872560394013472,49.99445382788281,70,35
EMT_070_24,0.019396932200587,0.3483986242259574,49.45372750642674,0.5033096645742996,50.02151462994836,50.13415215835917,0.989184273853303,49.99445382788281,70,35
EMT_070_25,0.0123655255578249,0.291923771661981,50.25706940874037,0.3722576247054937,50.166476087980094,49.84274880959379,1.0052528942862675,49.99445382788281,70,35
EMT_070_26,0.0286979175324505,0.4435931590883109,48.48971722365039,0.5353768203613197,49.768841386011374,50.38381237932279,0.9699019293337454,49.99445382788281,70,35
EMT_070_27,0.0557309187244212,0.6659033567680969,51.44601542416453,0.8701764322031451,50.12910305651487,49.5377292283282,1.0290344525270554,49.99445382788281,70,35
EMT_070_28,0.0306769049745847,0.3864060255800912,49.16452442159383,0.6646667937776113,50.07420072910281,50.395311212185966,0.9833995704974356,49.99445382788281,70,35
EMT_070_29,0.0196913239157795,0.4809912782953527,51.767352185089976,0.4171350775012767,50.45396199242354,49.3980826654094,1.035461900700241,49.99445382788281,70,35
EMT_070_30,0.0314859063764323,0.4694578410644687,50.739074550128535,0.5672722062445402,50.09047331830736,49.65276701286622,1.0148940665460464,49.99445382788281,70,35
EMT_070_31,0.0302701636712953,0.479624445172704,50.835475578406175,0.5810510106612481,50.283678182012814,50.07968319891825,1.0168223009980022,49.99445382788281,70,35
EMT_070_32,0.0484963792870795,0.416246315715372,50.06426735218509,0.5528129900836533,49.97949258803539,50.14009857538316,1.001396425382356,49.99445382788281,70,35
EMT_070_33,0.0572319044655969,0.4862415150973355,48.39331619537275,0.970631890325974,49.77003603912819,49.667831662863584,0.9679736948817896,49.99445382788281,70,35
EMT_070_34,0.0530662476584075,0.5105057545889609,50.38560411311054,0.8927135385459745,50.05312167989501,49.95906027587076,1.0078238735555418,49.99445382788281,70,35
EMT_070_35,0.097547490098477,0.4752785122578735,49.61439588688946,1.0990832157090848,49.97033325641955,49.718722882192765,0.992397997939896,49.99445382788281,70,35
EMT_070_36,0.0602669588576155,0.6590900614620309,50.86760925449872,0.4709647116228135,50.30931647782671,49.21941610560668,1.0174650458153207,49.99445382788281,70,35
EMT_070_37,0.0485579926900341,0.4586180580999841,48.61825192802057,0.8424563522338387,49.62676205877069,50.154621290974646,0.9724729086030198,49.99445382788281,70,35
EMT_070_38,0.0216045126192172,0.3960289729349539,50.0,0.6646477110714484,49.8652942801879,50.027295713136425,1.000110935747719,49.99445382788281,70,35
EMT_070_39,0.0876658601940907,0.5204184102140182,49.00385604113111,0.8811465311080373,49.420087841569575,50.6217697120429,0.9801858464108428,49.99445382788281,70,35
EMT_070_40,0.0741881508945307,0.6525951344618526,50.0,0.9896271473551432,49.867762350051954,50.01562744178778,1.000110935747719,49.99445382788281,70,35
EMT_070_41,0.0303335244888461,0.4714666206532991,49.61439588688946,0.8081112732893193,49.66969039637152,50.3945394539454,0.992397997939896,49.99445382788281,70,35
EMT_070_42,0.0903821278800826,0.3759967259705803,50.06426735218509,0.7513452647362842,50.03285288895724,49.9347993069077,1.001396425382356,49.99445382788281,70,35
EMT_070_43,0.0962185072248344,0.3653268105389294,49.90359897172236,0.3407747507294148,49.96514122273864,49.76970317297851,0.998182701295763,49.99445382788281,70,35
EMT_070_44,0.0309325478135133,0.436366005210212,50.06426735218509,0.5552398922158772,49.95390160087168,50.143046168150775,1.001396425382356,49.99445382788281,70,35
EMT_070_45,0.0927960655483134,0.4570108368451555,50.0,0.5810294605119513,49.93374558303887,50.055514433752776,1.000110935747719,49.99445382788281,70,35
EMT_070_46,0.0272160669107927,0.32921510121713,48.90745501285347,0.688448565071859,49.587652767197696,50.29106760891344,0.9782576119588868,49.99445382788281,70,35
EMT_070_47,0.0057852879496219,0.4467341934789089,51.51028277634961,0.6261786401492165,49.9805345384993,49.83706691216226,1.0303199421616924,49.99445382788281,70,35
EMT_070_48,0.0170816831562619,0.4424944705717492,50.6426735218509,0.5064594163560485,50.18796681185101,49.63428622502942,1.0129658320940906,49.99445382788281,70,35
EMT_070_49,0.0170891552223531,0.4235537033071937,50.2892030848329,0.5836759334479827,49.97498668646215,49.97635212449463,1.005895639103586,49.99445382788281,70,35
EMT_070_50,0.01991246218123,0.4329263425345903,50.51413881748073,0.4177289903570484,50.09909711517288,50.14607969790321,1.0103948528248163,49.99445382788281,70,35
EMT_080_01,0.0216633328145255,0.4320660146935367,49.4215938303342,0.5716803280328233,49.57915562858389,50.38308531015176,0.9885415290359846,49.99445382788281,80,40
EMT_080_02,0.0280745969470397,0.3183875083423139,50.128534704370175,0.3954030603982695,50.08013240177234,49.9422686846622,1.002681915016993,49.99445382788281,80,40
EMT_080_03,0.0662280627964568,0.4742830967794165,50.06426735218509,0.921869093375758,49.9388927022819,49.86500641772768,1.001396425382356,49.99445382788281,80,40
EMT_080_04,0.0264862761108588,0.3666798859657945,50.06426735218509,0.6058891767726007,49.94238340642105,50.09687836383208,1.001396425382356,49.99445382788281,80,40
EMT_080_05,0.039173506142092,0.4388318788021209,51.5745501285347,0.673969486223116,50.28012796570259,49.5867016516767,1.0316054317963297,49.99445382788281,80,40
EMT_080_06,0.043371153330507,0.4353623702311138,51.092544987146525,0.6978654886160282,50.06421782686874,49.94020605911934,1.0219642595365506,49.99445382788281,80,40
EMT_080_07,0.069917527811822,0.3870996620986819,49.4215938303342,0.7026732140606189,50.0755589137295,50.04264846998614,0.9885415290359846,49.99445382788281,80,40
EMT_080_08,0.037145304207533,0.4161324462603804,49.58226221079691,0.4930503505013915,50.22859137836445,49.92206172711213,0.9917552531225772,49.99445382788281,80,40
EMT_080_09,0.0147609562667266,0.4704440583912546,49.807197943444734,0.6257204550411347,50.09420731275412,49.89020255432778,0.9962544668438076,49.99445382788281,80,40
EMT_080_10,0.0256521459101857,0.4129798015199371,50.739074550128535,0.4461540126015031,50.05766890640707,49.73187505680613,1.0148940665460464,49.99445382788281,80,40
EMT_080_11,0.0321304437336682,0.3585014796669994,50.128534704370175,0.4960136531589406,49.97188352923428,49.8727129539752,1.002681915016993,49.99445382788281,80,40
EMT_080_12,0.0111620473188457,0.3914027698017436,49.48586118251928,0.3265103130690078,49.866077721911566,50.204966310135234,0.9898270186706216,49.99445382788281,80,40
EMT_080_13,0.0082851001788199,0.3469688757772094,49.293059125964014,0.6001175555931438,50.08731985180107,50.17586763884486,0.98597054976671,49.99445382788281,80,40
EMT_080_14,0.0280891937528877,0.4359873956255524,49.93573264781491,0.5167007649328397,50.00507528336999,49.98684248998567,0.9988254461130815,49.99445382788281,80,40
EMT_080_15,0.0517240323576446,0.3583472998132221,52.02442159383034,1.00253229616271,50.587833802576576,49.20545082502503,1.0406038592387898,49.99445382788281,80,40
EMT_080_16,0.0886034943071754,0.518773125141484,50.353470437018,0.911790624192214,50.45547469130754,49.7385748941492,1.0071811287382233,49.99445382788281,80,40
EMT_080_17,0.030785776213255,0.4310854161417219,49.83933161953728,0.5371694423890906,50.09785550697481,49.79176807831684,0.996897211661126,49.99445382788281,80,40
EMT_080_18,0.0390896356350229,0.4324286201158243,50.51413881748073,0.7591497437248949,50.05284097973393,49.69763171225937,1.0103948528248163,49.99445382788281,80,40
EMT_080_19,0.0583259261819338,0.4241850977271579,50.224935732647815,0.7315719350454284,50.0239326796881,50.07251342693675,1.004610149468949,49.99445382788281,80,40
EMT_080_20,0.0214515345429428,0.3950688345592026,48.58611825192802,0.611864161587109,49.73260364532173,50.39684418145957,0.9718301637857012,49.99445382788281,80,40
EMT_080_21,0.0364031005189459,0.3646745706269665,49.775064267352185,0.7372051070508769,49.52403858325527,50.33186296739086,0.9956117220264888,49.99445382788281,80,40
EMT_080_22,0.0400820219457378,0.302214296896416,48.61825192802057,0.5888515054772786,49.55410030275109,50.350635339247184,0.9724729086030198,49.99445382788281,80,40
EMT_080_23,0.0246112358659756,0.3507521865258842,49.293059125964014,0.4254277675985902,50.22931548011281,49.36669636286168,0.98597054976671,49.99445382788281,80,40
EMT_080_24,0.0328403175090817,0.4048510305053913,49.61439588688946,0.6580565713310138,49.68999417668619,50.39637762925672,0.992397997939896,49.99445382788281,80,40
EMT_080_25,0.0154553184556484,0.3413785709264141,49.61439588688946,0.5981262482520074,50.0087589380982,49.96368917937545,0.992397997939896,49.99445382788281,80,40
EMT_080_26,0.0173029417859578,0.4075515972271493,49.45372750642674,0.6139993638155342,49.82083745691568,50.04063506806374,0.989184273853303,49.99445382788281,80,40
EMT_080_27,0.0149377201901776,0.2944771233898349,50.03213367609255,0.5315751013336628,49.970016071385736,50.05891149680518,1.0007536805650374,49.99445382788281,80,40
EMT_080_28,0.0443221334092491,0.4517042351207311,49.93573264781491,0.7403879303721923,49.917136228041095,50.148858233964624,0.9988254461130815,49.99445382788281,80,40
EMT_080_29,0.0396456683360043,0.364148800673431,50.128534704370175,0.8037690515976,50.43189582930445,49.93125572868928,1.002681915016993,49.99445382788281,80,40
EMT_080_30,0.0379092996011717,0.3671840077453483,49.83933161953728,0.5550041369641003,50.10543067435847,50.031665611146295,0.996897211661126,49.99445382788281,80,40
EMT_080_31,0.039734317948787,0.4012269870150986,49.06812339331619,0.7110291680987755,49.63419456894279,50.01795762001676,0.98147133604548,49.99445382788281,80,40
EMT_080_32,0.0136514029708483,0.4329217804720455,49.260925449871465,0.4741046048008009,50.215131145783886,50.01848785428356,0.9853278049493914,49.99445382788281,80,40
EMT_080_33,0.0272916538098946,0.4297089756397627,50.54627249357326,0.5175686892325687,49.8724646211954,50.206674498542405,1.0110375976421349,49.99445382788281,80,40
EMT_080_34,0.0205513266702724,0.3940182413240026,49.55012853470437,0.4611044402501634,49.98782210531444,50.02351156617368,0.9911125083052588,49.99445382788281,80,40
EMT_080_35,0.0356265403770497,0.3960224996263761,50.86760925449872,0.7121659718175547,50.08727420336919,49.77894677933852,1.0174650458153207,49.99445382788281,80,40
EMT_080_36,0.0145563516473092,0.412319641873583,49.67866323907455,0.4686583351576479,49.972704286863575,49.97409505388229,0.9936834875745332,49.99445382788281,80,40
EMT_080_37,0.0450869525687919,0.2765975582873473,50.0,0.7232180868764596,49.98958209310632,50.12931034482758,1.000110935747719,49.99445382788281,80,40
EMT_080_38,0.0214516624752572,0.3546988529750904,50.67480719794345,0.5163437958016847,49.85215681281213,50.22963627725281,1.0136085769114094,49.99445382788281,80,40
EMT_080_39,0.1141304715262093,0.4186259063248481,49.807197943444734,0.6938243611867385,50.019975629731725,49.89412194231471,0.9962544668438076,49.99445382788281,80,40
EMT_080_40,0.046058692545627,0.5190859854138946,49.48586118251928,0.5793139658439836,49.77975736397864,50.3849647476102,0.9898270186706216,49.99445382788281,80,40
EMT_080_41,0.0401135462353788,0.3325363138760875,49.293059125964014,0.5181464303848465,50.01608866642832,49.57139201637666,0.98597054976671,49.99445382788281,80,40
EMT_080_42,0.0442997251568002,0.4666776607159869,50.25706940874037,0.6595669349261898,50.30487324520632,49.76344018862327,1.0052528942862675,49.99445382788281,80,40
EMT_080_43,0.04731418616925,0.4425251355232381,49.55012853470437,0.5260423683158808,49.84050582438552,50.08727526618956,0.9911125083052588,49.99445382788281,80,40
EMT_080_44,0.0614212968986848,0.3625714279201585,48.20051413881748,0.4789585283046265,49.93690055527512,50.08018751542067,0.964117225977878,49.99445382788281,80,40
EMT_080_45,0.0260576012482712,0.5259100776540881,52.05655526992288,0.6170645678754777,50.52744024569369,49.205621301775146,1.0412466040561084,49.99445382788281,80,40
EMT_080_46,0.0709606228247172,0.4504121025249216,50.06426735218509,0.6177785392175379,50.2107013507665,49.77083857970285,1.001396425382356,49.99445382788281,80,40
EMT_080_47,0.0101654837705609,0.3952759562544273,50.54627249357326,0.4392109635558975,49.8435824097247,50.04477993858751,1.0110375976421349,49.99445382788281,80,40
EMT_080_48,0.0170795707311019,0.3297304128001226,50.09640102827764,0.4790378326685062,49.99250761725579,50.070421491156544,1.0020391701996747,49.99445382788281,80,40
EMT_080_49,0.0579555696348293,0.578527118615361,50.25706940874037,0.5901681011035073,50.17382329775387,49.79953224189776,1.0052528942862675,49.99445382788281,80,40
EMT_080_50,0.0136220094043231,0.3816222361837192,50.09640102827764,0.400267117935754,49.89406339578746,50.006404508774175,1.0020391701996747,49.99445382788281,80,40
EMT_090_01,0.0180585231292164,0.3029665505698239,49.293059125964014,0.4438300801269986,50.0011612783352,50.05072463768116,0.98597054976671,49.99445382788281,90,45
EMT_090_02,0.0282973328276049,0.3702919236183439,50.06426735218509,0.8146019129168087,50.25119134157177,49.84529089883701,1.001396425382356,49.99445382788281,90,45
EMT_090_03,0.0188814423737437,0.4105448491160009,49.83933161953728,0.4355494893998268,50.27783438625093,49.93229079711355,0.996897211661126,49.99445382788281,90,45
EMT_090_04,0.0530197683465833,0.4097654348268225,49.87146529562982,0.7804388117696981,49.95322575256423,49.93495934959349,0.9975399564784444,49.99445382788281,90,45
EMT_090_05,0.0101702123664576,0.3153946043877233,50.16066838046272,0.3208769684306783,50.164659787546654,49.93045286168172,1.0033246598343115,49.99445382788281,90,45
EMT_090_06,0.0366476088013095,0.4233716780703444,50.51413881748073,0.5094239939002312,50.17954391869509,49.6243490959399,1.0103948528248163,49.99445382788281,90,45
EMT_090_07,0.005703876902257,0.3310120711415433,50.16066838046272,0.3111699981046906,50.09401225981014,49.84620339801916,1.0033246598343115,49.99445382788281,90,45
EMT_090_08,0.0292973154696494,0.2697002660700101,49.93573264781491,0.6459908087518088,49.74129987950953,50.14657608791055,0.9988254461130815,49.99445382788281,90,45
EMT_090_09,0.0339649472244515,0.2443292747072803,49.71079691516709,0.7186006492253303,49.890084461413856,50.09476056169883,0.9943262323918516,49.99445382788281,90,45
EMT_090_10,0.0166962673365744,0.4149141938411496,53.75964010282777,0.4842549132773781,50.52575179157458,48.75199150292087,1.0753120793739934,49.99445382788281,90,45
EMT_090_11,0.0216180028316779,0.3662015064207137,50.16066838046272,0.5623973367150196,49.877529286474974,49.959917544663305,1.0033246598343115,49.99445382788281,90,45
EMT_090_12,0.0155252409531826,0.3238050561739403,50.16066838046272,0.4367884757202832,49.91450307091011,49.87179487179488,1.0033246598343115,49.99445382788281,90,45
EMT_090_13,0.0500009002965873,0.5121614841679144,50.32133676092545,0.6834100999651743,49.98991422286686,49.88677632984405,1.0065383839209048,49.99445382788281,90,45
EMT_090_14,0.0934714659152409,0.4708967490407869,50.19280205655527,0.9243060872639984,50.293147386688766,49.65303457065978,1.0039674046516305,49.99445382788281,90,45
EMT_090_15,0.0624454308032573,0.3866188901896185,51.06041131105399,1.12296037773304,50.24830222751592,49.09634693441573,1.0213215147192325,49.99445382788281,90,45
EMT_090_16,0.0096942393674607,0.371746826249809,50.6426735218509,0.4327136650471148,50.14469674929949,50.20175875761619,1.0129658320940906,49.99445382788281,90,45
EMT_090_17,0.0990051346949585,0.5468581941140158,51.22107969151672,0.9692249360624198,50.27324793424561,50.07046677873432,1.0245352388058253,49.99445382788281,90,45
EMT_090_18,0.0106197759320318,0.4010224331876273,50.224935732647815,0.4827582918156368,49.92258417073985,50.09572638478762,1.004610149468949,49.99445382788281,90,45
EMT_090_19,0.0341930324006166,0.5289464230160198,51.156812339331616,0.6543644649709618,50.22054807948133,49.65507406549136,1.0232497491711878,49.99445382788281,90,45
EMT_090_20,0.0126452526425229,0.3671642452212285,49.61439588688946,0.3545243372457676,49.38981624351241,50.81845590440561,0.992397997939896,49.99445382788281,90,45
EMT_090_21,0.0750914423736901,0.5860964683110425,49.96786632390746,0.8583254359305,50.09163802978236,49.92319508448541,0.9994681909304004,49.99445382788281,90,45
EMT_090_22,0.0302959999261091,0.4554023804344187,49.10025706940874,0.4518217872943159,49.80680659021359,50.31364432415221,0.9821140808627984,49.99445382788281,90,45
EMT_090_23,0.0253075584007392,0.395575059867464,50.19280205655527,0.4793484988943863,50.14283566380995,49.98032851381922,1.0039674046516305,49.99445382788281,90,45
EMT_090_24,0.0672498189422699,0.4043368358232122,51.06041131105399,0.5348219655095832,50.32575167920667,49.89334984690543,1.0213215147192325,49.99445382788281,90,45
EMT_090_25,0.0131698351088947,0.3025409009843017,49.83933161953728,0.3643063051290857,50.01638551208627,50.051236776970256,0.996897211661126,49.99445382788281,90,45
EMT_090_26,0.0169322103420412,0.3778918243648503,49.293059125964014,0.462215085956932,49.89546455551529,50.01613886597568,0.98597054976671,49.99445382788281,90,45
EMT_090_27,0.0101575998490367,0.2922457464674188,50.06426735218509,0.5895852426883822,50.0935991893795,49.95742224146641,1.001396425382356,49.99445382788281,90,45
EMT_090_28,0.0162736950180626,0.3358886506719472,50.09640102827764,0.4677074084361365,50.1216245342858,49.92966527062886,1.0020391701996747,49.99445382788281,90,45
EMT_090_29,0.0584051679205664,0.5247499098838208,50.96401028277635,0.5309283361223255,49.81535368499021,50.15299784894114,1.0193932802672765,49.99445382788281,90,45
EMT_090_30,0.1501063402764387,0.62203672237501,53.66323907455013,1.3387226159207402,50.49668671378351,48.557912406531365,1.0733838449220376,49.99445382788281,90,45
EMT_090_31,0.0963871482430973,0.4794539824293496,48.77892030848329,0.7958378063813147,49.94523733297386,50.05061248441282,0.9756866326896126,49.99445382788281,90,45
EMT_090_32,0.0072372082306989,0.3460921254885333,49.51799485861182,0.3842968923894494,50.05631033249911,49.8720573183214,0.99046976348794,49.99445382788281,90,45
EMT_090_33,0.0097692265706328,0.395427345378111,51.89588688946015,0.5218023978406473,49.96920841952344,50.0412881915772,1.038032879969515,49.99445382788281,90,45
EMT_090_34,0.006156160927173,0.4807781770687506,49.48586118251928,0.6016224251039298,49.76745854305903,50.267830685418616,0.9898270186706216,49.99445382788281,90,45
EMT_090_35,0.0776986471778975,0.6146394631351156,50.96401028277635,0.6049056340764137,50.79204070937094,49.18155088427612,1.0193932802672765,49.99445382788281,90,45
EMT_090_36,0.0272521684854629,0.4011763769326413,49.96786632390746,0.5726942620008633,49.693242998845314,50.16267908180691,0.9994681909304004,49.99445382788281,90,45
EMT_090_37,0.0591178695436437,0.4622768241000095,49.38946015424165,0.9959443521875896,49.799236533295634,50.302912894931495,0.9878987842186656,49.99445382788281,90,45
EMT_090_38,0.0408591966061623,0.4088674731147643,49.71079691516709,0.7135850736104278,49.88431651002856,50.04549590536852,0.9943262323918516,49.99445382788281,90,45
EMT_090_39,0.0274169497685727,0.3302553126426986,49.10025706940874,0.3909767787195682,49.654873190549445,50.41688531280975,0.9821140808627984,49.99445382788281,90,45
EMT_090_40,0.0221320834014457,0.3685345002062161,50.0,0.5467218043704214,50.00901759719682,50.05211883093453,1.000110935747719,49.99445382788281,90,45
EMT_090_41,0.0123126411838023,0.38684144107412,49.10025706940874,0.4857846022142393,49.69947254364804,50.43312831310837,0.9821140808627984,49.99445382788281,90,45
EMT_090_42,0.0228448638641357,0.3648768407293594,50.6426735218509,0.4472385896463532,49.6141199720599,50.198357916152005,1.0129658320940906,49.99445382788281,90,45
EMT_090_43,0.0147375277000055,0.3265248080276235,49.16452442159383,0.5398957143687196,49.82277848751765,50.45930356761376,0.9833995704974356,49.99445382788281,90,45
EMT_090_44,0.0366147211476774,0.5431645914345141,51.99228791773779,0.5886990331276499,50.63495571460143,49.09374135596675,1.039961114421471,49.99445382788281,90,45
EMT_090_45,0.0515489850914272,0.5143274948794229,51.51028277634961,0.5190325176955821,50.34381063251844,50.15137825542505,1.0303199421616924,49.99445382788281,90,45
EMT_090_46,0.0134490696686113,0.4150357994213302,51.31748071979434,0.4489498884534221,51.099900760833606,48.453439121875554,1.0264634732577809,49.99445382788281,90,45
EMT_090_47,0.0336459589715044,0.4047852088649317,50.739074550128535,0.3151008653409296,50.6452985392143,49.413766724431326,1.0148940665460464,49.99445382788281,90,45
EMT_090_48,0.0695398355995595,0.4654920001075289,49.775064267352185,0.694770999954799,50.04097688903458,49.88162447641595,0.9956117220264888,49.99445382788281,90,45
EMT_090_49,0.0386352092759752,0.3509755648362307,49.775064267352185,0.4770891727160931,50.12744963683705,49.82398885262733,0.9956117220264888,49.99445382788281,90,45
EMT_090_50,0.0108545070705427,0.3526982472905633,49.775064267352185,0.4199210861833879,49.90108497418936,50.04139468237542,0.9956117220264888,49.99445382788281,90,45
EMT_100_01,0.0234741282903338,0.3184075713988462,50.19280205655527,0.4921026379539523,50.18286550242297,49.975763451284536,1.0039674046516305,49.99445382788281,100,50
EMT_100_02,0.0103087634416427,0.3430402764533124,50.54627249357326,0.3521351398720171,49.99105210926188,50.0340676811265,1.0110375976421349,49.99445382788281,100,50
EMT_100_03,0.0067719130818412,0.3164761896605423,50.38560411311054,0.5785943116529662,50.197423108894434,49.961300309597526,1.0078238735555418,49.99445382788281,100,50
EMT_100_04,0.0101443109464848,0.3840665711785658,50.25706940874037,0.4117379427503808,50.109790574479184,50.07319840427479,1.0052528942862675,49.99445382788281,100,50
EMT_100_05,0.0200680761653046,0.5223796236807742,48.84318766066838,0.5340317277212427,50.41899208663057,50.33117489294234,0.9769721223242496,49.99445382788281,100,50
EMT_100_06,0.0479279940199833,0.5768515357622034,52.47429305912596,0.7307416305761608,50.23949257000866,49.29229285057506,1.04960228668125,49.99445382788281,100,50
EMT_100_07,0.0190199635561326,0.4348673676186299,49.4215938303342,0.6201961986435202,50.02189408130002,50.03311404477019,0.9885415290359846,49.99445382788281,100,50
EMT_100_08,0.0415954179061062,0.3625779453887102,49.4215938303342,0.4984553836659058,49.54255700503421,50.2833420151221,0.9885415290359846,49.99445382788281,100,50
EMT_100_09,0.0126933267508001,0.4083161828334221,50.38560411311054,0.5117402131377035,50.04022166607079,49.45624360286592,1.0078238735555418,49.99445382788281,100,50
EMT_100_10,0.015833667598851,0.4669181694460187,50.128534704370175,0.6814317159982854,49.99496238581408,50.04561506768688,1.002681915016993,49.99445382788281,100,50
EMT_100_11,0.0343954198047053,0.3871637950772097,48.0719794344473,0.7008866348827826,49.69954017322125,50.93822902931332,0.9615462467086038,49.99445382788281,100,50
EMT_100_12,0.0135256787528799,0.4034750572782478,50.09640102827764,0.3224409614099014,50.01500800426895,50.05033755774014,1.0020391701996747,49.99445382788281,100,50
EMT_100_13,0.0283368628541878,0.3811030016369659,51.188946015424165,0.3627643673736366,50.58035870363249,49.709839842972144,1.0238924939885066,49.99445382788281,100,50
EMT_100_14,0.0687352975734858,0.4632974682707764,50.739074550128535,0.6823726528018211,50.20335223071235,49.76996805111821,1.0148940665460464,49.99445382788281,100,50
EMT_100_15,0.0500986212863997,0.6187945325430069,48.875321336760926,0.6764598307564219,49.46777758884544,50.51526884224622,0.9776148671415684,49.99445382788281,100,50
EMT_100_16,0.0302781639647814,0.4537879391114559,48.93958868894602,0.8615616987326963,50.03376295469892,49.88213503956895,0.9789003567762056,49.99445382788281,100,50
EMT_100_17,0.0038519602624686,0.4312902812505859,49.87146529562982,0.389823390119052,50.085602478395565,49.94992210104607,0.9975399564784444,49.99445382788281,100,50
EMT_100_18,0.0101253139260707,0.4255984765058485,50.19280205655527,0.3838926214949951,49.933262371804624,49.76948408342481,1.0039674046516305,49.99445382788281,100,50
EMT_100_19,0.0508183597632603,0.5682615009420875,49.87146529562982,0.7750796685802099,50.17600909248765,49.94623069370198,0.9975399564784444,49.99445382788281,100,50
EMT_100_20,0.0335755089922589,0.412350212185689,49.13239074550128,0.7086580531995109,49.853257037923626,50.194675365674,0.982756825680117,49.99445382788281,100,50
EMT_100_21,0.0299676050402184,0.3147894762435867,49.55012853470437,0.5852521224260989,50.00572949160311,49.96222253987054,0.9911125083052588,49.99445382788281,100,50
EMT_100_22,0.0111904251726028,0.2540927340091194,50.32133676092545,0.3265801897867288,49.86111287274388,50.17566928972078,1.0065383839209048,49.99445382788281,100,50
EMT_100_23,0.0310916552122404,0.3179845182835276,49.90359897172236,0.5861896637026348,49.71492617318844,50.30705545194013,0.998182701295763,49.99445382788281,100,50
EMT_100_24,0.0758490713124897,0.570368223713575,51.188946015424165,0.8667900854494084,51.072545183996255,49.07313038212139,1.0238924939885066,49.99445382788281,100,50
EMT_100_25,0.0238934924309743,0.3545891316050181,48.97172236503856,0.4184716199201241,50.18117880895956,49.84784323828232,0.979543101593524,49.99445382788281,100,50
EMT_100_26,0.02200008438293,0.3171166729064587,49.67866323907455,0.3898171391873817,49.96431912970392,50.04576978573534,0.9936834875745332,49.99445382788281,100,50
EMT_100_27,0.0205594809419303,0.3652056243940466,50.0,0.5216354777513288,50.20377095193543,50.15127771485315,1.000110935747719,49.99445382788281,100,50
EMT_100_28,0.0035827954120328,0.4350852298185954,48.93958868894602,0.6180471175505026,49.60424167844067,50.58924605683347,0.9789003567762056,49.99445382788281,100,50
EMT_100_29,0.0192219300306192,0.2332698611036681,50.128534704370175,0.3153581583323786,49.890187121145566,50.03039821663796,1.002681915016993,49.99445382788281,100,50
EMT_100_30,0.0110554894031006,0.3241079997295081,50.06426735218509,0.4415671696522887,50.01751956351259,49.94598913863774,1.001396425382356,49.99445382788281,100,50
EMT_100_31,0.0344249511357835,0.3621157155297789,50.67480719794345,0.5842251357633609,50.21007373015743,49.82138281355984,1.0136085769114094,49.99445382788281,100,50
EMT_100_32,0.0839487685488188,0.3534905932288992,50.128534704370175,0.7970080076298162,49.92043612789156,50.1073069313571,1.002681915016993,49.99445382788281,100,50
EMT_100_33,0.06582684475698,0.5031711879217907,50.06426735218509,0.7193231144062534,50.005995563283165,49.90295414171985,1.001396425382356,49.99445382788281,100,50
EMT_100_34,0.0712120982685765,0.5198444525327734,49.646529562982,0.8285644823485488,50.15201564528587,49.92574591602538,0.9930407427572144,49.99445382788281,100,50
EMT_100_35,0.0096623606389525,0.4723716506685385,50.224935732647815,0.58584765092555,50.00334381060657,49.93648449039882,1.004610149468949,49.99445382788281,100,50
EMT_100_36,0.0097265432272252,0.3553479244781817,49.90359897172236,0.5501569602052474,49.89254005662027,50.07910733616454,0.998182701295763,49.99445382788281,100,50
EMT_100_37,0.0269129393366284,0.3856732917274859,49.71079691516709,0.5954884115212306,50.013723179257006,50.07243835115063,0.9943262323918516,49.99445382788281,100,50
EMT_100_38,0.0655022518117539,0.4505111874146618,49.10025706940874,0.564995716966364,49.83070912750089,50.357790065517406,0.9821140808627984,49.99445382788281,100,50
EMT_100_39,0.0522260070611559,0.5297473046065088,48.93958868894602,0.6435427880856162,49.04841568250708,51.01952665365883,0.9789003567762056,49.99445382788281,100,50
EMT_100_40,0.064689735598643,0.578423513005294,52.31362467866324,0.7147490948739006,49.86322090628219,50.06272182107453,1.046388562594657,49.99445382788281,100,50
EMT_100_41,0.1044011143827647,0.6413153915178159,52.98843187660668,0.725770221692358,50.69279052032616,48.532298885919054,1.0598862037583472,49.99445382788281,100,50
EMT_100_42,0.0286929773300489,0.3569937113304475,49.90359897172236,0.4671209159795187,49.8807735023192,50.16293524832539,0.998182701295763,49.99445382788281,100,50
EMT_100_43,0.0144886115339267,0.321825483329236,47.23650385604113,0.3170735398366724,49.715492462016776,50.68950020105495,0.9448348814583204,49.99445382788281,100,50
EMT_100_44,0.0249869586691594,0.487257723688611,49.807197943444734,0.6880173057882929,49.92905907292728,50.12795290149845,0.9962544668438076,49.99445382788281,100,50
EMT_100_45,0.0389787991976407,0.4904292198557261,51.124678663239074,0.799754610047513,50.08829213033918,49.862189556042914,1.0226070043538693,49.99445382788281,100,50
EMT_100_46,0.0159970712148517,0.4650731486976552,50.38560411311054,0.4111045106173377,49.95422293430991,49.98040575166552,1.0078238735555418,49.99445382788281,100,50
EMT_100_47,0.0168799414853581,0.3936999764586441,48.81105398457584,0.508213031854656,50.08312477654629,50.12154554759468,0.9763293775069314,49.99445382788281,100,50
EMT_100_48,0.0777801317095737,0.4693751765589309,50.38560411311054,0.8088760337052415,50.12922465208748,49.84959494877293,1.0078238735555418,49.99445382788281,100,50
EMT_100_49,0.0247594143363325,0.4005081016862715,49.67866323907455,0.7156587020978581,49.970546268539486,50.05770622640402,0.9936834875745332,49.99445382788281,100,50
EMT_100_50,0.0457123505722005,0.5354766927228901,47.7185089974293,0.688787304417587,48.41312353531972,51.75293631588267,0.9544760537180992,49.99445382788281,100,50
