Network,Number of Swaps,PC1 Variance,Influence Team Strength,Total Number of Swaps
PLU_000_00,0,0.7700756164800305,0.1880896626841077,0
PLU_010_01,5,0.7122707799658737,0.1152733819576935,10
PLU_010_02,5,0.6402604563200146,0.2035675338589953,10
PLU_010_03,5,0.6462409729405098,0.1024321216307447,10
PLU_010_04,5,0.684759415258249,0.109795014092628,10
PLU_010_05,5,0.7404411399652115,0.1398028533966311,10
PLU_010_06,5,0.7841276410935716,0.1991589196263444,10
PLU_010_07,5,0.7425902172179252,0.1823480115295696,10
PLU_010_08,5,0.6365762299180046,0.0967012061909678,10
PLU_010_09,5,0.4724921380637796,0.1148899101274574,10
PLU_010_10,5,0.7134688386271619,0.1100223827327716,10
PLU_010_11,5,0.5626163509637393,0.0788559635291617,10
PLU_010_12,5,0.5865517599497714,0.0767761706797323,10
PLU_010_13,5,0.6818347777860788,0.1049197932354766,10
PLU_010_14,5,0.5863266615683261,0.1154922086855018,10
PLU_010_15,5,0.6709700840423176,0.1110525443344419,10
PLU_010_16,5,0.6957220467212494,0.1648174415336142,10
PLU_010_17,5,0.763197196743815,0.1986137735150709,10
PLU_010_18,5,0.653342854567002,0.0795456400360193,10
PLU_010_19,5,0.7454307607518388,0.1469326836757504,10
PLU_010_20,5,0.7456879482507217,0.1967060195416607,10
PLU_010_21,5,0.7379396709282565,0.1943563584168097,10
PLU_010_22,5,0.5496198468217367,0.0811653717519044,10
PLU_010_23,5,0.7528902279617173,0.3151968111923141,10
PLU_010_24,5,0.6496484699124242,0.0823338564831751,10
PLU_010_25,5,0.5872089820336733,0.1355338962748813,10
PLU_010_26,5,0.5526513379138771,0.1227460124284574,10
PLU_010_27,5,0.5875298820224579,0.0894883616199464,10
PLU_010_28,5,0.7598312066566529,0.1718557909339388,10
PLU_010_29,5,0.391282601989096,0.0376041276261846,10
PLU_010_30,5,0.7494757511135481,0.2844339700838925,10
PLU_010_31,5,0.6539800482102859,0.1337099550678995,10
PLU_010_32,5,0.6143103833259026,0.04119462823781,10
PLU_010_33,5,0.6517551548475595,0.1145208406530948,10
PLU_010_34,5,0.7582884071703405,0.2603367002073793,10
PLU_010_35,5,0.7704346100386548,0.2078708678554093,10
PLU_010_36,5,0.6654094075713725,0.1022948523106191,10
PLU_010_37,5,0.7397941846820939,0.2487031631641836,10
PLU_010_38,5,0.7454776510757322,0.1906354524788372,10
PLU_010_39,5,0.663005318536715,0.1498433254076943,10
PLU_010_40,5,0.4310042657139702,0.0931467812502048,10
PLU_010_41,5,0.718648637329656,0.1285385866303726,10
PLU_010_42,5,0.6041591692174871,0.1678787586462045,10
PLU_010_43,5,0.4501834296631997,0.0903603690321697,10
PLU_010_44,5,0.7170127571504399,0.142482489434582,10
PLU_010_45,5,0.7283525206914494,0.1651836958372707,10
PLU_010_46,5,0.7711740252372781,0.2017197963354206,10
PLU_010_47,5,0.7323370585853574,0.1448487155053311,10
PLU_010_48,5,0.7215773016698643,0.1574865207139794,10
PLU_010_49,5,0.697573485639939,0.0691163788657697,10
PLU_010_50,5,0.72899071416182,0.1097998704165097,10
PLU_020_01,10,0.6537869837978998,0.141883302214238,20
PLU_020_02,10,0.6357019331217152,0.1540505485681127,20
PLU_020_03,10,0.6253716719662193,0.0619781286531925,20
PLU_020_04,10,0.4757817006459193,0.0584002678226855,20
PLU_020_05,10,0.655447909938481,0.0486046575467039,20
PLU_020_06,10,0.5897270661419753,0.090204753227036,20
PLU_020_07,10,0.4516593545863255,0.030423610946254,20
PLU_020_08,10,0.6064042612437798,0.0532159903530789,20
PLU_020_09,10,0.4401388488954834,0.0296223090806724,20
PLU_020_10,10,0.7037331824274213,0.1901995792414957,20
PLU_020_11,10,0.5337214200471759,0.0646505006662334,20
PLU_020_12,10,0.4530046986726176,0.0524751021691578,20
PLU_020_13,10,0.6023736221883689,0.0608580845915723,20
PLU_020_14,10,0.6834011128142363,0.1188973300190971,20
PLU_020_15,10,0.3683129312702222,0.0336790470310127,20
PLU_020_16,10,0.6256493899692366,0.0867570378886776,20
PLU_020_17,10,0.6290970583910503,0.1386546360968566,20
PLU_020_18,10,0.5261993355292583,0.0756444774047569,20
PLU_020_19,10,0.3378013383300172,0.0410648670833485,20
PLU_020_20,10,0.6109353525023684,0.1219849167753733,20
PLU_020_21,10,0.6165099935600596,0.2062096115731659,20
PLU_020_22,10,0.7412376900848667,0.2720970989441762,20
PLU_020_23,10,0.6396597365724076,0.1202176269597823,20
PLU_020_24,10,0.3961452076355923,0.0641110197427932,20
PLU_020_25,10,0.5879811599864347,0.0785359259824572,20
PLU_020_26,10,0.6647771865085795,0.1381754564649524,20
PLU_020_27,10,0.6046914012400411,0.0887123978402234,20
PLU_020_28,10,0.6377007933573713,0.0997564653757332,20
PLU_020_29,10,0.4736225891468365,0.0678536537969277,20
PLU_020_30,10,0.5159005284999297,0.1129041507522001,20
PLU_020_31,10,0.6717021645021367,0.1566018797325499,20
PLU_020_32,10,0.499931089592829,0.0849497590039898,20
PLU_020_33,10,0.5710095720710986,0.0702018666747584,20
PLU_020_34,10,0.7357459918448526,0.2100380209303798,20
PLU_020_35,10,0.5103795480104472,0.0746200822910932,20
PLU_020_36,10,0.6615801822263417,0.0605542534809437,20
PLU_020_37,10,0.6308896619231364,0.1765532434087327,20
PLU_020_38,10,0.5773282437573127,0.0279745665544586,20
PLU_020_39,10,0.5526021838763627,0.0727600685917941,20
PLU_020_40,10,0.670161363007388,0.1701314108770844,20
PLU_020_41,10,0.6080454407540578,0.0549956413844159,20
PLU_020_42,10,0.4850773909105269,0.0820793295856997,20
PLU_020_43,10,0.4169257906688545,0.0371996399988487,20
PLU_020_44,10,0.5830439677718778,0.1694403635717249,20
PLU_020_45,10,0.528356365437647,0.048173872116547,20
PLU_020_46,10,0.541749410713904,0.1503351500991892,20
PLU_020_47,10,0.5145581356183254,0.0928237541604331,20
PLU_020_48,10,0.5168643690402832,0.0908688244888332,20
PLU_020_49,10,0.6600888650529515,0.0717529454757951,20
PLU_020_50,10,0.5644007361050231,0.0689755968524062,20
PLU_030_01,15,0.6570809418247547,0.1242087547217014,30
PLU_030_02,15,0.5095276286507973,0.0883493715658421,30
PLU_030_03,15,0.5058332441573441,0.1003353275739495,30
PLU_030_04,15,0.2957626463838821,0.0108083530252872,30
PLU_030_05,15,0.7110048953939407,0.1146949555662948,30
PLU_030_06,15,0.3010976649890715,0.0077750354461492,30
PLU_030_07,15,0.6774794965462343,0.088384000893598,30
PLU_030_08,15,0.4056649872370415,0.034752971422928,30
PLU_030_09,15,0.4517672922637281,0.0903887138058618,30
PLU_030_10,15,0.4128106621928432,0.0197783643230654,30
PLU_030_11,15,0.3359211296509055,0.0379721965102272,30
PLU_030_12,15,0.6682487354492221,0.0422084288189308,30
PLU_030_13,15,0.4532188874068832,0.075020501519414,30
PLU_030_14,15,0.5445552739089388,0.0540625113169259,30
PLU_030_15,15,0.3341440754468258,0.0487342050296197,30
PLU_030_16,15,0.5881022911612463,0.0906914270096883,30
PLU_030_17,15,0.4730708504507478,0.0302571712323906,30
PLU_030_18,15,0.6336894531255334,0.0798729685016605,30
PLU_030_19,15,0.4528589576071535,0.0844766488555587,30
PLU_030_20,15,0.5577817560398693,0.1037103266189362,30
PLU_030_21,15,0.5927742485321411,0.0639469880979431,30
PLU_030_22,15,0.5780564213298157,0.0559061261523594,30
PLU_030_23,15,0.5337712609386348,0.0850387467647556,30
PLU_030_24,15,0.5613891823082514,0.0742753756499748,30
PLU_030_25,15,0.5186964085781359,0.1140802365115035,30
PLU_030_26,15,0.3783179015624023,0.0562275218517868,30
PLU_030_27,15,0.5407855226001222,0.1177574690669914,30
PLU_030_28,15,0.2876184775117431,0.0227699814403213,30
PLU_030_29,15,0.4919687845463238,0.1005039953758909,30
PLU_030_30,15,0.6307252355079375,0.0846899537232248,30
PLU_030_31,15,0.7465201988130953,0.1776956792988021,30
PLU_030_32,15,0.5886483710370403,0.0451920209663896,30
PLU_030_33,15,0.5111122427463437,0.0580102485528938,30
PLU_030_34,15,0.6797663016921196,0.1424613303157921,30
PLU_030_35,15,0.5988572151289661,0.1460268599566825,30
PLU_030_36,15,0.5015505336072862,0.1065303075742075,30
PLU_030_37,15,0.4381968987573107,0.0614155427013688,30
PLU_030_38,15,0.7411966884387191,0.2008063741733297,30
PLU_030_39,15,0.4989709676318025,0.0380308500214455,30
PLU_030_40,15,0.5398216674608368,0.0603219533310911,30
PLU_030_41,15,0.5193226176511319,0.0745570642324289,30
PLU_030_42,15,0.4961875062070855,0.0495150492217618,30
PLU_030_43,15,0.5179582291225188,0.0850380101606654,30
PLU_030_44,15,0.6031353741452324,0.0438376046114677,30
PLU_030_45,15,0.6095466127398368,0.1693813584341142,30
PLU_030_46,15,0.5474564674343384,0.0555894979884314,30
PLU_030_47,15,0.6804691938666219,0.1405065999214708,30
PLU_030_48,15,0.6342650682685091,0.0370555262574795,30
PLU_030_49,15,0.4292666418420575,0.0936146518050967,30
PLU_030_50,15,0.6411920841919683,0.136332186445825,30
PLU_040_01,20,0.4845088077240927,0.0937365672904665,40
PLU_040_02,20,0.6617843559020838,0.0982335142330351,40
PLU_040_03,20,0.562466812314862,0.1009283542907916,40
PLU_040_04,20,0.4838939125837907,0.2010728479544594,40
PLU_040_05,20,0.4062483918342974,0.0465327185288536,40
PLU_040_06,20,0.3236360933847895,0.1032951082723515,40
PLU_040_07,20,0.4889707748594992,0.0467452478776617,40
PLU_040_08,20,0.5820813626706437,0.0290038795933667,40
PLU_040_09,20,0.6194462836067357,0.1304239580826164,40
PLU_040_10,20,0.5289069766962036,0.069465674942717,40
PLU_040_11,20,0.6753439127457904,0.2409517343873022,40
PLU_040_12,20,0.5489537845498338,0.1062954917878941,40
PLU_040_13,20,0.4980485729229816,0.0513535145669625,40
PLU_040_14,20,0.423038932432515,0.0565688340132486,40
PLU_040_15,20,0.4907468785094138,0.0750090052561393,40
PLU_040_16,20,0.4904414000782732,0.030851342027446,40
PLU_040_17,20,0.5792925349734114,0.0716317518290033,40
PLU_040_18,20,0.364059034367252,0.0170601016074731,40
PLU_040_19,20,0.4715785629163644,0.0418174851374734,40
PLU_040_20,20,0.4217911753274669,0.0379263281047852,40
PLU_040_21,20,0.4673764547672465,0.0328385502630638,40
PLU_040_22,20,0.5179992840448175,0.041792448038533,40
PLU_040_23,20,0.642318885234759,0.0701595528168814,40
PLU_040_24,20,0.3738857589493752,0.0371235425449748,40
PLU_040_25,20,0.3282308882524499,0.042136612853094,40
PLU_040_26,20,0.4254640403220222,0.113059647175381,40
PLU_040_27,20,0.5296737757083629,0.1065475638241162,40
PLU_040_28,20,0.5736293272022713,0.1084886692960815,40
PLU_040_29,20,0.6070286704188111,0.1064295687789762,40
PLU_040_30,20,0.5088902908610469,0.1350152521123286,40
PLU_040_31,20,0.4534134576760253,0.1278026297122619,40
PLU_040_32,20,0.5317025608677829,0.0692512697757209,40
PLU_040_33,20,0.5563433471152777,0.0657178753842709,40
PLU_040_34,20,0.2966668538950343,0.0525287037637016,40
PLU_040_35,20,0.4792328829487896,0.0541697076969192,40
PLU_040_36,20,0.599411592118987,0.095586208191826,40
PLU_040_37,20,0.3148465035914471,0.0265546532249907,40
PLU_040_38,20,0.4112844493144929,0.0932666621565457,40
PLU_040_39,20,0.6056108106439058,0.0592387866451338,40
PLU_040_40,20,0.4616468828708422,0.0198883358289084,40
PLU_040_41,20,0.3459578220052146,0.0271699302857849,40
PLU_040_42,20,0.4759681435901988,0.0539947774228378,40
PLU_040_43,20,0.6675888569000877,0.0899012498972085,40
PLU_040_44,20,0.4129433287107114,0.0691864535341283,40
PLU_040_45,20,0.4124348221381902,0.1294066675240349,40
PLU_040_46,20,0.556855738545688,0.0633349352910521,40
PLU_040_47,20,0.1977617091728886,0.0526885888354544,40
PLU_040_48,20,0.3716315519141753,0.1104674373917202,40
PLU_040_49,20,0.4915076128132377,0.039512969292722,40
PLU_040_50,20,0.569893753128925,0.1040400603269232,40
PLU_050_01,25,0.5355166499347462,0.0232169765837521,50
PLU_050_02,25,0.5082018006628961,0.0470050429892612,50
PLU_050_03,25,0.4407465812292474,0.0421198379694196,50
PLU_050_04,25,0.5111599597606069,0.1800610483460621,50
PLU_050_05,25,0.4411795948592494,0.0670184698495753,50
PLU_050_06,25,0.4676788414245358,0.0623996156749843,50
PLU_050_07,25,0.3670937727860394,0.0153622783582045,50
PLU_050_08,25,0.4557374171709775,0.0372045682102661,50
PLU_050_09,25,0.517412225910895,0.0518173570695557,50
PLU_050_10,25,0.4931044834343208,0.1357240716741941,50
PLU_050_11,25,0.3159792596010621,0.032184013433656,50
PLU_050_12,25,0.4105352235517144,0.0526041446882601,50
PLU_050_13,25,0.5614284611678908,0.0988070513543664,50
PLU_050_14,25,0.5702346737756134,0.0909227277039726,50
PLU_050_15,25,0.4725250456734956,0.1353782560289775,50
PLU_050_16,25,0.4097616930648742,0.084741255415915,50
PLU_050_17,25,0.4787764398842037,0.0517551251691953,50
PLU_050_18,25,0.5265737270368126,0.1179812010613488,50
PLU_050_19,25,0.5059560925232646,0.079895754729529,50
PLU_050_20,25,0.3811602291692527,0.0484269774866118,50
PLU_050_21,25,0.4668129259959749,0.1405473927435919,50
PLU_050_22,25,0.4066530966029663,0.0436870421975879,50
PLU_050_23,25,0.4037792813305458,0.040708863112031,50
PLU_050_24,25,0.4881879507334709,0.0392455975781601,50
PLU_050_25,25,0.5166390422696462,0.0290527946662145,50
PLU_050_26,25,0.5714179644888361,0.0823989398227582,50
PLU_050_27,25,0.5451730778024716,0.0794347733667481,50
PLU_050_28,25,0.4578285914942697,0.0470362713251015,50
PLU_050_29,25,0.4282577601541965,0.0786291406073215,50
PLU_050_30,25,0.3580023749546493,0.0359446802842093,50
PLU_050_31,25,0.2465860025650914,0.0136902163326198,50
PLU_050_32,25,0.6766418280638893,0.1154226992476349,50
PLU_050_33,25,0.598606393108614,0.1332481373791367,50
PLU_050_34,25,0.333192239723278,0.0468573862808893,50
PLU_050_35,25,0.4385611806282493,0.0501462632953666,50
PLU_050_36,25,0.3287916609204073,0.0417779957748599,50
PLU_050_37,25,0.6271607257559209,0.0826649250114011,50
PLU_050_38,25,0.5343444792618965,0.1190980309306558,50
PLU_050_39,25,0.5523270823327447,0.0816514957114801,50
PLU_050_40,25,0.300473336669556,0.0275583960302743,50
PLU_050_41,25,0.4322841574788916,0.0363150543005155,50
PLU_050_42,25,0.3975095417149893,0.039433959172928,50
PLU_050_43,25,0.2851942323433026,0.0231785761713083,50
PLU_050_44,25,0.443555799757588,0.0477268888344083,50
PLU_050_45,25,0.2685836355537172,0.0287572155645705,50
PLU_050_46,25,0.3164933957094594,0.0254925172580657,50
PLU_050_47,25,0.4397582152602755,0.0348136976842591,50
PLU_050_48,25,0.6038297989279304,0.1045200667192637,50
PLU_050_49,25,0.5816511258186583,0.1122967633224244,50
PLU_050_50,25,0.6162787811909095,0.0901639838397554,50
PLU_060_01,30,0.2670052511727175,0.0591965379260182,60
PLU_060_02,30,0.4616709370785622,0.1281635199829177,60
PLU_060_03,30,0.5548436061994725,0.1131018030086871,60
PLU_060_04,30,0.4871535430133883,0.0606106821270587,60
PLU_060_05,30,0.3834200232496266,0.1052368511967269,60
PLU_060_06,30,0.369498815593296,0.0421467291115827,60
PLU_060_07,30,0.481538392411373,0.0752873831067525,60
PLU_060_08,30,0.2153999476130139,0.0759750725554246,60
PLU_060_09,30,0.5745624115489114,0.0270136384927305,60
PLU_060_10,30,0.394293818420811,0.1099691204920683,60
PLU_060_11,30,0.3752192064567504,0.0248678635979395,60
PLU_060_12,30,0.701359947037974,0.1958354507273653,60
PLU_060_13,30,0.555495239676077,0.0711245282169865,60
PLU_060_14,30,0.2981367742130104,0.0902726083075049,60
PLU_060_15,30,0.5647734652346732,0.129241266946312,60
PLU_060_16,30,0.484611622705912,0.0883876547113495,60
PLU_060_17,30,0.5884998129848479,0.107229336435648,60
PLU_060_18,30,0.4003106411277306,0.0416722783181186,60
PLU_060_19,30,0.419104638532102,0.0844982786526827,60
PLU_060_20,30,0.2546213228941276,0.0207874778697548,60
PLU_060_21,30,0.3715746936814371,0.0527762882136149,60
PLU_060_22,30,0.439865954156399,0.1109966332973727,60
PLU_060_23,30,0.279825465721424,0.102147538150326,60
PLU_060_24,30,0.4024737299640026,0.0299176186239005,60
PLU_060_25,30,0.2987884280502741,0.0188266929288534,60
PLU_060_26,30,0.4177002726429395,0.0717772368067573,60
PLU_060_27,30,0.3194481093569656,0.1160186143432221,60
PLU_060_28,30,0.3887242507275672,0.0489642169894646,60
PLU_060_29,30,0.4858667503429724,0.0405924572559777,60
PLU_060_30,30,0.5688679188091188,0.1016964612144401,60
PLU_060_31,30,0.372446953611153,0.0451235554992327,60
PLU_060_32,30,0.3089057449414074,0.0890559763711545,60
PLU_060_33,30,0.3943950787383253,0.0887098099456472,60
PLU_060_34,30,0.4907916907527652,0.0460855941361348,60
PLU_060_35,30,0.5398864670676693,0.0626088292162429,60
PLU_060_36,30,0.2315507805681333,0.0217588103468221,60
PLU_060_37,30,0.4956254624399346,0.0455994101819257,60
PLU_060_38,30,0.48686736170424,0.0729074532925732,60
PLU_060_39,30,0.4726297164994543,0.050189437347835,60
PLU_060_40,30,0.5799001516838725,0.071514405959858,60
PLU_060_41,30,0.4564454396658087,0.0559194527680132,60
PLU_060_42,30,0.360135556931687,0.1119349782945564,60
PLU_060_43,30,0.2540377286016202,0.0715490311748769,60
PLU_060_44,30,0.4117425673084613,0.0511300010883744,60
PLU_060_45,30,0.487100780902685,0.0670577470784922,60
PLU_060_46,30,0.4582110526579629,0.1314497016384412,60
PLU_060_47,30,0.3184809322205889,0.0415252350132021,60
PLU_060_48,30,0.3501507280715827,0.1212531105219148,60
PLU_060_49,30,0.3508749803870233,0.056508724996409,60
PLU_060_50,30,0.2676827551028852,0.0434567597420152,60
PLU_070_01,35,0.3008176192465733,0.02215241670142,70
PLU_070_02,35,0.4036795639264106,0.0509330347314662,70
PLU_070_03,35,0.5188517875852773,0.1186350105831591,70
PLU_070_04,35,0.3676839703372033,0.0827902312267864,70
PLU_070_05,35,0.5295314301837049,0.0678527363024856,70
PLU_070_06,35,0.5153375471070629,0.0443855868090119,70
PLU_070_07,35,0.5717485927244833,0.1568285039137619,70
PLU_070_08,35,0.3898175841214923,0.0695723897674998,70
PLU_070_09,35,0.3636930155290583,0.0236163441870386,70
PLU_070_10,35,0.2601697375880682,0.0845874041114164,70
PLU_070_11,35,0.3419394808452596,0.0165643496930463,70
PLU_070_12,35,0.4343404149798956,0.0532272568270016,70
PLU_070_13,35,0.3909119820705866,0.0789462884375603,70
PLU_070_14,35,0.4361665439623534,0.061194247008764,70
PLU_070_15,35,0.3873231037753446,0.0371752410602785,70
PLU_070_16,35,0.4623265438304151,0.0573010335140953,70
PLU_070_17,35,0.2770632745193952,0.1060940912857762,70
PLU_070_18,35,0.4475009602632355,0.0449203723178384,70
PLU_070_19,35,0.6257530660332252,0.1275345296014234,70
PLU_070_20,35,0.3949518210125821,0.0669385204149465,70
PLU_070_21,35,0.2285901269021536,0.0212975654867212,70
PLU_070_22,35,0.5198740847884197,0.0422250879367228,70
PLU_070_23,35,0.3529925024875296,0.0970917151549435,70
PLU_070_24,35,0.3992957608552356,0.103377522025643,70
PLU_070_25,35,0.2076271250980248,0.0206407786481375,70
PLU_070_26,35,0.4900492800034584,0.0316337492797446,70
PLU_070_27,35,0.3059888468586917,0.0353898877629654,70
PLU_070_28,35,0.4507286917950889,0.0548058233752502,70
PLU_070_29,35,0.2626365011121256,0.0618507343775193,70
PLU_070_30,35,0.456352657470336,0.1186418732029152,70
PLU_070_31,35,0.420843188733451,0.1080481802016017,70
PLU_070_32,35,0.5054818327620129,0.0813289922520053,70
PLU_070_33,35,0.4480270394169609,0.0461759049249437,70
PLU_070_34,35,0.390910145634891,0.0311223101363329,70
PLU_070_35,35,0.42638353336017,0.0436224971944728,70
PLU_070_36,35,0.6135045202596945,0.0915305282728099,70
PLU_070_37,35,0.5759545861438032,0.0436949116296997,70
PLU_070_38,35,0.2924641150590024,0.1064589512322606,70
PLU_070_39,35,0.5210856420694554,0.0337408806852894,70
PLU_070_40,35,0.281887976416433,0.0346500688537511,70
PLU_070_41,35,0.6255622183236107,0.1370345024788778,70
PLU_070_42,35,0.3673573710806346,0.0400077522338976,70
PLU_070_43,35,0.2999845340045896,0.0360397564676368,70
PLU_070_44,35,0.3513749302844224,0.043085429752076,70
PLU_070_45,35,0.5553795717996481,0.0615887850949341,70
PLU_070_46,35,0.4371744557850025,0.0897230245097326,70
PLU_070_47,35,0.4347017591458608,0.0642255769974883,70
PLU_070_48,35,0.2818186768694493,0.0330724250399195,70
PLU_070_49,35,0.2289292959002881,0.0952474677500423,70
PLU_070_50,35,0.4501308590968886,0.0584496199728783,70
PLU_080_01,40,0.332909201208463,0.0694812992395483,80
PLU_080_02,40,0.6004162911847445,0.1513201085829014,80
PLU_080_03,40,0.3324166188909379,0.0249332683015917,80
PLU_080_04,40,0.4229071356186618,0.0516238172221717,80
PLU_080_05,40,0.4925617036567895,0.0383731384995442,80
PLU_080_06,40,0.5297361970466015,0.1538336351001243,80
PLU_080_07,40,0.3550338782959681,0.0468346340364607,80
PLU_080_08,40,0.2413427333649527,0.0326775037703292,80
PLU_080_09,40,0.4387106058972259,0.0804795136480831,80
PLU_080_10,40,0.5235742809764141,0.0404763445106658,80
PLU_080_11,40,0.2633818418373368,0.0899431920899317,80
PLU_080_12,40,0.3579256546747824,0.0353195493125463,80
PLU_080_13,40,0.3483928263372406,0.0235662101758053,80
PLU_080_14,40,0.2479187535543089,0.0182565360832825,80
PLU_080_15,40,0.2512163645953682,0.0865571245476659,80
PLU_080_16,40,0.3073137363755001,0.0923295653604518,80
PLU_080_17,40,0.5580296180627812,0.0735192275012243,80
PLU_080_18,40,0.3708625309128829,0.1038836491933698,80
PLU_080_19,40,0.3541612967131031,0.0238377903997038,80
PLU_080_20,40,0.5280802234001979,0.0545547337932004,80
PLU_080_21,40,0.3233897804864656,0.0214989231855338,80
PLU_080_22,40,0.2308477573240325,0.0695162432472048,80
PLU_080_23,40,0.3711279308906049,0.0321572370504172,80
PLU_080_24,40,0.448066208524128,0.0501508842992766,80
PLU_080_25,40,0.280221396359,0.0989387477073192,80
PLU_080_26,40,0.3309574510632656,0.0440372483405917,80
PLU_080_27,40,0.5922608956581515,0.0729682255764395,80
PLU_080_28,40,0.2861146249492999,0.0389817863347714,80
PLU_080_29,40,0.4600434984403532,0.0417603935940821,80
PLU_080_30,40,0.4068845278571598,0.0943807386353229,80
PLU_080_31,40,0.4382337620909676,0.0625662423728982,80
PLU_080_32,40,0.5151380627109654,0.0794078466987115,80
PLU_080_33,40,0.3944942106140328,0.1091844501734608,80
PLU_080_34,40,0.4506772466572086,0.0944964825257541,80
PLU_080_35,40,0.4660110891922067,0.0809236189094038,80
PLU_080_36,40,0.4606216383310141,0.0388039200619514,80
PLU_080_37,40,0.4921178639032682,0.0669541241266467,80
PLU_080_38,40,0.4162844988126628,0.067521583351848,80
PLU_080_39,40,0.3826878925282052,0.0794000852829091,80
PLU_080_40,40,0.4295931369761193,0.1040317716011588,80
PLU_080_41,40,0.3962069289067491,0.0613049209299145,80
PLU_080_42,40,0.4270654581183234,0.0767665177602238,80
PLU_080_43,40,0.6083512108302064,0.1247862740952652,80
PLU_080_44,40,0.4887080462130732,0.0276763471328046,80
PLU_080_45,40,0.4137074917268844,0.0633148057150969,80
PLU_080_46,40,0.2803934928701416,0.0214973753620879,80
PLU_080_47,40,0.4842299142825848,0.0753245222475505,80
PLU_080_48,40,0.28262572139808,0.0147924195678048,80
PLU_080_49,40,0.3404098512789357,0.0424771614562728,80
PLU_080_50,40,0.3661319160268773,0.0361929852629565,80
PLU_090_01,45,0.4705817668844413,0.0340340335563042,90
PLU_090_02,45,0.4322241989983638,0.0736067947454599,90
PLU_090_03,45,0.2844869701176408,0.076021536892897,90
PLU_090_04,45,0.6025000286878947,0.0711097925547595,90
PLU_090_05,45,0.5520320933790852,0.178533865120489,90
PLU_090_06,45,0.3414437100563961,0.084913492223914,90
PLU_090_07,45,0.5627858694036757,0.0830578334208297,90
PLU_090_08,45,0.5019045591077104,0.0795092163918774,90
PLU_090_09,45,0.3023030944354292,0.077223394776036,90
PLU_090_10,45,0.5334720556206739,0.1141025175240031,90
PLU_090_11,45,0.3608134448944331,0.0075861902011356,90
PLU_090_12,45,0.2569767258405945,0.0842165570794992,90
PLU_090_13,45,0.4956346498781267,0.1084545252103086,90
PLU_090_14,45,0.4603760957339304,0.0562738440564501,90
PLU_090_15,45,0.3966422050972161,0.0619280279920793,90
PLU_090_16,45,0.6013292938621619,0.073284112891,90
PLU_090_17,45,0.4030866218611009,0.0486611657328713,90
PLU_090_18,45,0.4494358920533475,0.053197164872997,90
PLU_090_19,45,0.3993606836331968,0.0558418012661412,90
PLU_090_20,45,0.3194584907817409,0.1494782488346729,90
PLU_090_21,45,0.580734011159568,0.0839474891980495,90
PLU_090_22,45,0.2410190685191972,0.2581132162247777,90
PLU_090_23,45,0.3185033680366623,0.0173524090739489,90
PLU_090_24,45,0.6386273855951123,0.0828808365576236,90
PLU_090_25,45,0.4250613367942588,0.0347614078803747,90
PLU_090_26,45,0.4360804724885356,0.0600439569322792,90
PLU_090_27,45,0.4133057630428934,0.0433704400230948,90
PLU_090_28,45,0.3561362771215791,0.0417328545235262,90
PLU_090_29,45,0.5569666584998118,0.0547218721784528,90
PLU_090_30,45,0.5832493428905855,0.0914367501006371,90
PLU_090_31,45,0.4265648444576153,0.044561202189919,90
PLU_090_32,45,0.407634880467557,0.0780653232705876,90
PLU_090_33,45,0.370728802405104,0.0465376615319346,90
PLU_090_34,45,0.3346001573083753,0.0357821582350351,90
PLU_090_35,45,0.3706220515655864,0.0695488914299729,90
PLU_090_36,45,0.5437568595311765,0.079944581974286,90
PLU_090_37,45,0.2942852456358643,0.2641609922971645,90
PLU_090_38,45,0.2660250802762061,0.0959827714207615,90
PLU_090_39,45,0.5796756050901943,0.1319407460714329,90
PLU_090_40,45,0.2883192280809026,0.036771923331272,90
PLU_090_41,45,0.5013689194200266,0.0662340529603763,90
PLU_090_42,45,0.3453944261120349,0.0409343762736201,90
PLU_090_43,45,0.4963783466559707,0.0486373366281003,90
PLU_090_44,45,0.585359685751675,0.0905861995965461,90
PLU_090_45,45,0.457331288589879,0.0520499325883816,90
PLU_090_46,45,0.4636150338274937,0.0838174474926215,90
PLU_090_47,45,0.5183558776356126,0.1423821083366613,90
PLU_090_48,45,0.4480226657814182,0.0639462886950916,90
PLU_090_49,45,0.5240328922788283,0.0769014804978102,90
PLU_090_50,45,0.5379273415898415,0.0887696095846332,90
PLU_100_01,50,0.6253785066094618,0.0630160398176982,100
PLU_100_02,50,0.3575980106065233,0.1263187568294191,100
PLU_100_03,50,0.3320756848137073,0.0487822244159403,100
PLU_100_04,50,0.4317144772785022,0.0304084053065752,100
PLU_100_05,50,0.4323866592703233,0.0436838654512544,100
PLU_100_06,50,0.3774743128707138,0.0451269691420603,100
PLU_100_07,50,0.3416500106801843,0.023349439300995,100
PLU_100_08,50,0.2819899797681729,0.0207043607050371,100
PLU_100_09,50,0.3737619108211323,0.0454509211764072,100
PLU_100_10,50,0.5442371612775566,0.0574085109902363,100
PLU_100_11,50,0.3701077693866166,0.0329967660061484,100
PLU_100_12,50,0.4451004177675337,0.0779167316032122,100
PLU_100_13,50,0.5419892816160929,0.0230479050689579,100
PLU_100_14,50,0.5606074792644988,0.0431231736465783,100
PLU_100_15,50,0.3807355079920022,0.0327131920687191,100
PLU_100_16,50,0.3496990506522043,0.0647363900358898,100
PLU_100_17,50,0.2875627190915838,0.0948069884784671,100
PLU_100_18,50,0.4379374149624984,0.1452626396977573,100
PLU_100_19,50,0.388636661216999,0.1810228922615875,100
PLU_100_20,50,0.3176369911036647,0.0242555157625765,100
PLU_100_21,50,0.3843993966656451,0.071096628344928,100
PLU_100_22,50,0.4179807801799306,0.0503151557692364,100
PLU_100_23,50,0.3185957728529425,0.0543123976867111,100
PLU_100_24,50,0.3170502319138692,0.028020177121246,100
PLU_100_25,50,0.2874136329458785,0.0563508033469285,100
PLU_100_26,50,0.3084873549144885,0.0727126125307678,100
PLU_100_27,50,0.2567600724310342,0.1765797545677782,100
PLU_100_28,50,0.4474310071090018,0.1008832286828715,100
PLU_100_29,50,0.3917280532864907,0.0934540176245265,100
PLU_100_30,50,0.3483401127715035,0.0634645931125071,100
PLU_100_31,50,0.5295388638324822,0.0563851188861528,100
PLU_100_32,50,0.4809765908168664,0.0846360203105656,100
PLU_100_33,50,0.3442035572395725,0.0236964141808756,100
PLU_100_34,50,0.503011514821205,0.113325068352063,100
PLU_100_35,50,0.3009879439289126,0.0490081406588624,100
PLU_100_36,50,0.253739124610257,0.01790810143135,100
PLU_100_37,50,0.3648028644733583,0.0214258728358,100
PLU_100_38,50,0.3738169671968181,0.0470517889018237,100
PLU_100_39,50,0.37364224191397,0.0904716784380311,100
PLU_100_40,50,0.5082743334281955,0.0957732588578741,100
PLU_100_41,50,0.5217223874076711,0.0799047910059597,100
PLU_100_42,50,0.3161333384440394,0.0159184802981716,100
PLU_100_43,50,0.4436522261343208,0.038648302188585,100
PLU_100_44,50,0.5020124504312244,0.0793006837301955,100
PLU_100_45,50,0.5102286110392205,0.0712660160513691,100
PLU_100_46,50,0.4643432316911224,0.0743823911744387,100
PLU_100_47,50,0.5091777775899188,0.0914530662396563,100
PLU_100_48,50,0.396349033402747,0.0921493153070718,100
PLU_100_49,50,0.3028935579780679,0.0268790920381006,100
PLU_100_50,50,0.3216091369200619,0.0529354635520024,100
